animations,date_debut,date_fin,organisateur,lieu_1,yd,md,dd,yf,mf,df,yearmonth,duration
bain du jour de l'an,2019-01-01,2019-01-01,day one,plage de la salis,2019,1,1,2019,1,1,2019-1,0
sélection départementale performance et fédérale de gym,2019-01-12,2019-01-12,oajlp gymnastique,salle pierre brochard,2019,1,12,2019,1,12,2019-1,0
galette des rois,2019-01-12,2019-01-12,roller skate club d'antibes,criée florale,2019,1,12,2019,1,12,2019-1,0
village ogc nice,2019-01-16,2019-01-16,ogc nice,esplanade de la gravette,2019,1,16,2019,1,16,2019-1,0
ski voile,2019-01-16,2019-01-20,société des régates d'antibes,port gallice,2019,1,16,2019,1,20,2019-1,4
souvenir ange rovillo,2019-01-20,2019-01-20,antibes vélo passion,parking du ponteil,2019,1,20,2019,1,20,2019-1,0
challenge interdépartemental de sarbacanne,2019-01-23,2019-01-23,handisport antibes méditerranée,salle saint claude,2019,1,23,2019,1,23,2019-1,0
tournoi interclub et départemental jeunes,2019-01-25,2019-01-25,badminton club d'antibes,gymnase de la fontonne,2019,1,25,2019,1,25,2019-1,0
sélection départementale performance et fédérale de gym,2019-01-26,2019-01-26,oajlp gymnastique,salle pierre brochard,2019,1,26,2019,1,26,2019-1,0
championnat côte d'azur en double de chasse sous-marine,2019-01-26,2019-01-26,comité départemental de chasse sous-marine,plage keller,2019,1,26,2019,1,26,2019-1,0
régate optimist,2019-01-26,2019-01-27,société des régates d'antibes,plage de la salis,2019,1,26,2019,1,27,2019-1,1
championnat départemental twirling bâton,2019-01-26,2019-01-27,antibes twirling,azurarena antibes,2019,1,26,2019,1,27,2019-1,1
rassemblement ffct,2019-01-27,2019-01-27,olympique cyclo club d'antibes,esplanade jean moulin,2019,1,27,2019,1,27,2019-1,0
stage de yoga,2019-01-27,2019-01-27,institut français de yoga provence alpes côte d'azur,salles polyvalentes des croûtons,2019,1,27,2019,1,27,2019-1,0
top 12 gym,2019-02-02,2019-02-02,oajlp gymnastique,salle saint claude,2019,2,2,2019,2,2,2019-2,0
nuit du hand,2019-02-09,2019-02-09,oajlp handball,salle saint claude,2019,2,9,2019,2,9,2019-2,0
rassemblement cycliste,2019-02-10,2019-02-10,vélo club antibois,parvis de la chapelle de la garoupe,2019,2,10,2019,2,10,2019-2,0
top 12 gym,2019-02-16,2019-02-16,oajlp gymnastique,salle saint claude,2019,2,16,2019,2,16,2019-2,0
regroupement masters plus de 50 ans (hommes et femmes),2019-02-22,2019-02-23,asf antibes hockey,stade de la fontonne,2019,2,22,2019,2,23,2019-2,1
rassemblement edf féminine de hockey,2019-02-25,2019-03-01,asf antibes hockey,stade de la fontonne,2019,2,25,2019,3,1,2019-2,4
stage de yoga,2019-03-03,2019-03-03,institut français de yoga provence alpes côte d'azur,salles polyvalentes des croûtons,2019,3,3,2019,3,3,2019-3,0
trophée chardonneau loisir seniors,2019-03-16,2019-03-16,école d'escrime d'antibes,salle saint claude,2019,3,16,2019,3,16,2019-3,0
tournoi des papys,2019-03-16,2019-03-17,badminton club d'antibes,gymnase de la fontonne,2019,3,16,2019,3,17,2019-3,1
pointage ufolep,2019-03-17,2019-03-17,olympique cyclo club d'antibes,square albert 1er,2019,3,17,2019,3,17,2019-3,0
spectacle de marionnettes,2019-03-17,2019-03-17,cadis,salle paul charpin,2019,3,17,2019,3,17,2019-3,0
carnaval du roller,2019-03-23,2019-03-23,roller skate club d'antibes,criée florale,2019,3,23,2019,3,23,2019-3,0
ocean racing,2019-03-23,2019-03-24,club omnisports de valbonne,plage des croûtons,2019,3,23,2019,3,24,2019-3,1
championnat de med laser,2019-03-30,2019-03-31,société des régates d'antibes,antibes,2019,3,30,2019,3,31,2019-3,1
tournoi seniors et vétérans que du bad,2019-03-30,2019-03-31,badminton club d'antibes,gymnase de la fontonne,2019,3,30,2019,3,31,2019-3,1
championnats départementaux des écoles de tir,2019-03-31,2019-03-31,tir sportif d'antibes,stand de tir des 3 moulins,2019,3,31,2019,3,31,2019-3,0
rencontre interclubs nationale 3,2019-04-06,2019-04-06,badminton club d'antibes,gymnase de la fontonne,2019,4,6,2019,4,6,2019-4,0
4ème calvaire antibois,2019-04-07,2019-04-07,asoa section run & tri,ponteil et cap d'antibes,2019,4,7,2019,4,7,2019-4,0
15ème challenge international des joinvillais,2019-04-13,2019-04-14,école d'escrime d'antibes,salle saint claude,2019,4,13,2019,4,14,2019-4,1
tournoi open de tennis,2019-04-17,2019-05-01,tennis club d'antibes,tennis jules grec,2019,4,17,2019,5,1,2019-4,14
tournoi de pâques du fca,2019-04-20,2019-04-22,football club d'antibes,stade du fort carré,2019,4,20,2019,4,22,2019-4,2
challenge cinquin,2019-04-20,2019-04-22,asf antibes hockey,stade de la fontonne,2019,4,20,2019,4,22,2019-4,2
"étape du circuit national 10m, 25m et 50m",2019-04-26,2019-04-28,tir sportif d'antibes,stand de tir des 3 moulins,2019,4,26,2019,4,28,2019-4,2
parcours du cœur,2019-04-27,2019-04-27,club cœur et santé,pré des pêcheurs,2019,4,27,2019,4,27,2019-4,0
nuit du hand,2019-04-27,2019-04-27,oajlp handball,salle saint claude,2019,4,27,2019,4,27,2019-4,0
tournoi de tennis des semboules,2019-04-27,2019-05-12,asso tennis,tennis paul charpin,2019,4,27,2019,5,12,2019-4,15
stage de yoga,2019-04-28,2019-04-28,institut français de yoga provence alpes côte d'azur,salles polyvalentes des croûtons,2019,4,28,2019,4,28,2019-4,0
43ème tournoi de la jsjlp catégories u6 à u8,2019-05-01,2019-05-01,jeunesse sportive de juan-les-pins,stade gilbert auvergne,2019,5,1,2019,5,1,2019-5,0
triathlon du 1er mai,2019-05-01,2019-05-01,eraa,stade du fort carré,2019,5,1,2019,5,1,2019-5,0
tournoi des écoles de tir,2019-05-01,2019-05-01,tir sportif d'antibes,stand de tir des 3 moulins,2019,5,1,2019,5,1,2019-5,0
manifestation de trottinette,2019-05-04,2019-05-04,comité des fêtes de la fontonne,place jean aude la fontonne,2019,5,4,2019,5,4,2019-5,0
zumba woman day,2019-05-04,2019-05-04,association rose azur,plage du ponteil,2019,5,4,2019,5,4,2019-5,0
"concours csau,brevet,ring 1,2,3",2019-05-04,2019-05-05,amicale du chien de travail d'antibes,zi des 3 moulins,2019,5,4,2019,5,5,2019-5,1
championnats départementaux 25 et 50m,2019-05-04,2019-05-05,tir sportif d'antibes,stand de tir des 3 moulins,2019,5,4,2019,5,5,2019-5,1
tournoi régional jeunes,2019-05-05,2019-05-05,compagnie d'arc d'antibes,zi des 3 moulins,2019,5,5,2019,5,5,2019-5,0
tournoi casa,2019-05-08,2019-05-08,oajlp basket,stade foch,2019,5,8,2019,5,8,2019-5,0
43ème tournoi de la jsjlp catégorie u9,2019-05-08,2019-05-08,jeunesse sportive de juan-les-pins,stade gilbert auvergne,2019,5,8,2019,5,8,2019-5,0
prix roger borriglion,2019-05-08,2019-05-08,as fontonne boule,clos de la fontonne,2019,5,8,2019,5,8,2019-5,0
3ème tournoi international u15 de basket,2019-05-10,2019-05-12,oajlp basket,stade foch,2019,5,10,2019,5,12,2019-5,2
57ème challenge denape,2019-05-11,2019-05-12,compagnie d'arc d'antibes,zi des 3 moulins,2019,5,11,2019,5,12,2019-5,1
stage de yoga,2019-05-12,2019-05-12,institut français de yoga provence alpes côte d'azur,salles polyvalentes des croûtons,2019,5,12,2019,5,12,2019-5,0
54ème rallye d'antibes,2019-05-16,2019-05-19,association sportive automobile;rallye antibes association,antibes,2019,5,16,2019,5,19,2019-5,3
concours inter-ports,2019-05-19,2019-05-19,boule amicale du cap d'antibes,clos jean bunoz,2019,5,19,2019,5,19,2019-5,0
concours de pétanque,2019-05-19,2019-05-19,rugby club sophia antipolis,stade gilbert auvergne,2019,5,19,2019,5,19,2019-5,0
raid jaune unss,2019-05-22,2019-05-22,unss nice,plage du ponteil,2019,5,22,2019,5,22,2019-5,0
5ème challenge paul cayatte,2019-05-23,2019-05-23,amicale des sapeurs-pompiers antibes,plage de la salis,2019,5,23,2019,5,23,2019-5,0
43ème tournoi de la jsjlp catégories u10 à u13,2019-05-25,2019-05-26,jeunesse sportive de juan-les-pins,stade gilbert auvergne,2019,5,25,2019,5,26,2019-5,1
cdf universitaire de match racing,2019-05-25,2019-05-26,pôle voile match racing / creps,antibes,2019,5,25,2019,5,26,2019-5,1
tournoi inter de tennis fauteuil,2019-05-28,2019-06-01,handisport antibes méditerranée,tennis jules grec,2019,5,28,2019,6,1,2019-5,4
tournoi international des vétérans,2019-05-30,2019-06-01,as fontonne football,stade docteur léger,2019,5,30,2019,6,1,2019-5,2
tournoi tmc jeunes,2019-05-30,2019-06-01,asso tennis,stade des semboules,2019,5,30,2019,6,1,2019-5,2
tournoi de para tennis 2019,2019-05-30,2019-06-01,handisport antibes méditerranée,tennis jules grec,2019,5,30,2019,6,1,2019-5,2
2ème prix bohème assurances,2019-06-01,2019-06-01,amicale bouliste du châtaignier,clos du châtaignier,2019,6,1,2019,6,1,2019-6,0
finale départementale éveil athlé,2019-06-01,2019-06-01,eraa,stade du fort carré,2019,6,1,2019,6,1,2019-6,0
trophée souvenir céline palmerini,2019-06-02,2019-06-02,amicale bouliste du châtaignier,clos du châtaignier,2019,6,2,2019,6,2,2019-6,0
3ème gp d'antibes/gréolières,2019-06-02,2019-06-02,olympique cyclo club d'antibes,gréolières,2019,6,2,2019,6,2,2019-6,0
7ème prix assainissement services,2019-06-03,2019-06-03,amicale bouliste du châtaignier,clos du châtaignier,2019,6,3,2019,6,3,2019-6,0
14ème souvenir m. pisano et a. palmerini,2019-06-04,2019-06-04,amicale bouliste du châtaignier,clos du châtaignier,2019,6,4,2019,6,4,2019-6,0
15ème prix eric pauget,2019-06-05,2019-06-05,amicale bouliste du châtaignier,clos du châtaignier,2019,6,5,2019,6,5,2019-6,0
championnats régionaux de tir,2019-06-07,2019-06-09,tir sportif d'antibes,stand de tir des 3 moulins,2019,6,7,2019,6,9,2019-6,2
25ème tournoi nicolas cagnasso,2019-06-08,2019-06-08,amadeus,stade du fort carré,2019,6,8,2019,6,8,2019-6,0
champ région 25m et 50m,2019-06-08,2019-06-09,tir sportif d'antibes,zi des 3 moulins,2019,6,8,2019,6,9,2019-6,1
tournoi daniel charles,2019-06-08,2019-06-09,oajlp basket,stade foch,2019,6,8,2019,6,9,2019-6,1
tournoi international jeunes,2019-06-08,2019-06-10,as fontonne football,stade docteur léger,2019,6,8,2019,6,10,2019-6,2
répétition gala de danse,2019-06-09,2019-06-09,pro danse,salle saint claude,2019,6,9,2019,6,9,2019-6,0
open water swim 2019,2019-06-09,2019-06-09,maxiplouf,esplanade de la gravette,2019,6,9,2019,6,9,2019-6,0
tournoi 6ème rugby,2019-06-11,2019-06-11,collège roustan,terrain synthétique du fort carré,2019,6,11,2019,6,11,2019-6,0
tournoi 5ème ultimate,2019-06-12,2019-06-12,collège roustan,plateau foch,2019,6,12,2019,6,12,2019-6,0
nocturne été,2019-06-14,2019-08-30,as fontonne boule,clos borriglion,2019,6,14,2019,8,30,2019-6,77
ista cup,2019-06-15,2019-06-15,ista cis,stade du fort carré,2019,6,15,2019,6,15,2019-6,0
tournoi jeunes,2019-06-15,2019-06-15,oajlp volley-ball,gymnase bertone,2019,6,15,2019,6,15,2019-6,0
championnat national de basket fcd,2019-06-15,2019-06-15,csga,stade foch,2019,6,15,2019,6,15,2019-6,0
répétition gala de danse,2019-06-16,2019-06-16,pro danse,salle saint claude,2019,6,16,2019,6,16,2019-6,0
27ème trophée hoang nam,2019-06-16,2019-06-16,ecole hoang nam,salle saint claude,2019,6,16,2019,6,16,2019-6,0
tournoi ascha,2019-06-16,2019-06-16,asc hospitaliers d'antibes,stade docteur léger,2019,6,16,2019,6,16,2019-6,0
tournoi jeunes u8,2019-06-16,2019-06-16,as fontonne football,stade docteur léger,2019,6,16,2019,6,16,2019-6,0
olympiade des 4ème,2019-06-17,2019-06-17,collège roustan,plateau foch,2019,6,17,2019,6,17,2019-6,0
yoga au lever du soleil,2019-06-21,2019-06-21,institut français de yoga provence alpes côte d'azur,plage de la salis,2019,6,21,2019,6,21,2019-6,0
festival de capoeira de la côte d'azur,2019-06-21,2019-06-22,arte brasil,stade foch,2019,6,21,2019,6,22,2019-6,1
l'eau pour rayonner,2019-06-22,2019-06-22,direction des sports de la ville d'antibes,stade nautique d'antibes,2019,6,22,2019,6,22,2019-6,0
répétition gala de fin d'année,2019-06-23,2019-06-23,antibes jazz,salle saint claude,2019,6,23,2019,6,23,2019-6,0
challenge gb,2019-06-23,2019-06-23,assoc sportive safami monroe,terrains de la fontonne,2019,6,23,2019,6,23,2019-6,0
tournée handivoile 06,2019-06-28,2019-06-29,département des alpes-maritimes,ponteil,2019,6,28,2019,6,29,2019-6,1
tournée handisub 06,2019-06-29,2019-06-30,comité dep d'étude et sport sous-marin,ponteil,2019,6,29,2019,6,30,2019-6,1
tournoi inter de badminton,2019-06-29,2019-06-30,badminton club d'antibes,salle saint claude,2019,6,29,2019,6,30,2019-6,1
répétition gala de fin d'année,2019-06-30,2019-06-30,antibes jazz,salle salusse santoni,2019,6,30,2019,6,30,2019-6,0
réception des sportifs,2019-07-03,2019-07-03,direction des sports de la ville d'antibes,azurarena antibes,2019,7,3,2019,7,3,2019-7,0
mondial footvolley,2019-07-05,2019-07-07,association footvolley antibes,pinède gould,2019,7,5,2019,7,7,2019-7,2
championnat tae 50m,2019-07-06,2019-07-06,compagnie d'arc d'antibes,zi des 3 moulins,2019,7,6,2019,7,6,2019-7,0
baptême des pieds lourds,2019-07-06,2019-07-06,antibes subaquatique azur,stade du fort carré,2019,7,6,2019,7,6,2019-7,0
entraînement boxe tony yoka,2019-07-10,2019-07-10,sharks d'antibes,pré des pêcheurs,2019,7,10,2019,7,10,2019-7,0
19ème national de boule carrée,2019-07-14,2019-07-14,commune libre du safranier,safranier,2019,7,14,2019,7,14,2019-7,0
tour de france kiwanis,2019-07-20,2019-07-20,kiwanis,creps,2019,7,20,2019,7,20,2019-7,0
jeux de la jeunesse d'aalborg,2019-07-30,2019-08-04,direction des sports de la ville d'antibes,aalborg,2019,7,30,2019,8,4,2019-7,5
31ème challenge marc grilli,2019-08-21,2019-08-21,belles rives ski nautique club,juan-les-pins,2019,8,21,2019,8,21,2019-8,0
tournoi jeunes du tca,2019-08-24,2019-09-01,tennis club d'antibes,tennis jules grec,2019,8,24,2019,9,1,2019-8,8
tournoi et assemblée générale,2019-09-01,2019-09-01,oajlp volley-ball,stade du fort carré,2019,9,1,2019,9,1,2019-9,0
tournoi pre saison,2019-09-07,2019-09-07,as fontonne,parc des sport dr léger,2019,9,7,2019,9,7,2019-9,0
fête de la jeunesse,2019-09-08,2019-09-08,direction des sports de la ville d'antibes,stade du fort carré,2019,9,8,2019,9,8,2019-9,0
tournoi riviera antibes itf,2019-09-08,2019-09-15,tennis club d'antibes,tennis club d'antibes,2019,9,8,2019,9,15,2019-9,7
championnat de france de handball,2019-09-13,2019-09-13,sapeurs-pompiers d'antibes,salle saint claude,2019,9,13,2019,9,13,2019-9,0
tournoi pre saison,2019-09-14,2019-09-14,as fontonne,parc des sport dr léger,2019,9,14,2019,9,14,2019-9,0
challenge bonnetot,2019-09-14,2019-09-14,club loisirs de la gendarmerie d'antibes,stade du fort carré,2019,9,14,2019,9,14,2019-9,0
ti-plage,2019-09-15,2019-09-15,bde-bds polytech nice sophia,plage du pont du lys,2019,9,15,2019,9,15,2019-9,0
concours d'agility,2019-09-15,2019-09-15,amicale du chien de travail d'antibes,zi des 3 moulins,2019,9,15,2019,9,15,2019-9,0
concours baca,2019-09-21,2019-09-21,boule amicale du cap d'antibes,clos jean bunoz,2019,9,21,2019,9,21,2019-9,0
rencontre interclub n3,2019-09-21,2019-09-21,badminton club d'antibes,gymnase de la fontonne,2019,9,21,2019,9,21,2019-9,0
riviera tag rugby festival,2019-09-21,2019-09-21,riviera tag club,stade du fort carré,2019,9,21,2019,9,21,2019-9,0
tournoi beach rugby,2019-09-28,2019-09-28,esprit passion ovale skéma business school,juan-les-pins,2019,9,28,2019,9,28,2019-9,0
yoga au lever du soleil,2019-09-28,2019-09-28,institut français de yoga provence alpes côte d'azur,plage du ponteil,2019,9,28,2019,9,28,2019-9,0
sentez-vous sport,2019-09-29,2019-09-29,cdos 06,base nautique du ponteil,2019,9,29,2019,9,29,2019-9,0
40ème édition de courir pour une fleur,2019-10-13,2019-10-13,direction des sports de la ville d'antibes,pinède et cap d'antibes,2019,10,13,2019,10,13,2019-10,0
nuit du hand,2019-10-19,2019-10-19,oajlp handball,salle saint claude,2019,10,19,2019,10,19,2019-10,0
tournoi qualificatif championnat de france u19,2019-10-26,2019-10-27,asf antibes hockey,stade de la fontonne,2019,10,26,2019,10,27,2019-10,1
match de basket leader cup antibes,2019-10-29,2019-10-29,sharks d'antibes,azurarena antibes,2019,10,29,2019,10,29,2019-10,0
rencontre interclub n3 et r1,2019-11-02,2019-11-03,badminton club d'antibes,gymnase de la fontonne,2019,11,2,2019,11,3,2019-11,1
marathon nice - cannes,2019-11-03,2019-11-03,azur sport organisation,antibes,2019,11,3,2019,11,3,2019-11,0
cross de l'unss,2019-11-06,2019-11-06,unss,stade du fort carré,2019,11,6,2019,11,6,2019-11,0
cross du poilu,2019-11-07,2019-11-07,direction des sports de la ville d'antibes,stade du fort carré,2019,11,7,2019,11,7,2019-11,0
match de basket antibes,2019-11-08,2019-11-08,sharks d'antibes,azurarena antibes,2019,11,8,2019,11,8,2019-11,0
journée champêtre,2019-11-10,2019-11-10,pétanque antiboise,criée florale,2019,11,10,2019,11,10,2019-11,0
challenge belmas,2019-11-11,2019-11-11,rugby club sophia antipolis,stade gilbert auvergne,2019,11,11,2019,11,11,2019-11,0
cross du collège,2019-11-12,2019-11-12,collège sidney bechet,parc exflora,2019,11,12,2019,11,12,2019-11,0
réception des présidents,2019-11-16,2019-11-16,direction des sports de la ville d'antibes,villa eilenroc,2019,11,16,2019,11,16,2019-11,0
cross du fort carré,2019-11-16,2019-11-16,eraa,stade du fort carré,2019,11,16,2019,11,16,2019-11,0
rassemblement ufolep,2019-11-17,2019-11-17,olympique cyclo club d'antibes,square albert 1er,2019,11,17,2019,11,17,2019-11,0
match de basket antibes/nantes,2019-11-22,2019-11-22,sharks d'antibes,azurarena antibes,2019,11,22,2019,11,22,2019-11,0
champ départ de tir,2019-11-30,2019-11-30,tir sportif d'antibes,zi des 3 moulins,2019,11,30,2019,11,30,2019-11,0
championnat départemental d'athlétisme,2019-12-04,2019-12-04,eraa,stade du fort carré,2019,12,4,2019,12,4,2019-12,0
cross des 3ème du collège roustan,2019-12-04,2019-12-04,collège roustan,stade foch,2019,12,4,2019,12,4,2019-12,0
téléthon,2019-12-07,2019-12-07,direction animation et activités culturelles,place nationale,2019,12,7,2019,12,7,2019-12,0
téléthon du collège roustan,2019-12-07,2019-12-07,collège roustan,stade foch,2019,12,7,2019,12,7,2019-12,0
championnat départemental de natation,2019-12-08,2019-12-08,cdsa 06,stade nautique d'antibes,2019,12,8,2019,12,8,2019-12,0
réunion ffct,2019-12-14,2019-12-14,olympique cyclo club d'antibes,au club,2019,12,14,2019,12,14,2019-12,0
29ème trophée rené beguinet,2019-12-15,2019-12-15,antibes triathlon,pinède gould,2019,12,15,2019,12,15,2019-12,0
bain du jour de l'an,2020-01-01,2020-01-01,day one,plage de la salis,2020,1,1,2020,1,1,2020-1,0
rencontre interclub n3,2020-01-04,2020-01-04,badminton club d'antibes,gymnase de la fontonne,2020,1,4,2020,1,4,2020-1,0
match parent + galette des rois,2020-01-12,2020-01-12,oajlp handball,salle saint claude,2020,1,12,2020,1,12,2020-1,0
ag wild move,2020-01-12,2020-01-12,wild move,base nautique du ponteil,2020,1,12,2020,1,12,2020-1,0
ski voile international,2020-01-16,2020-01-19,société des régates d'antibes,port gallice,2020,1,16,2020,1,19,2020-1,3
19ème souvenir ange rovillo,2020-01-19,2020-01-19,antibes vélo passion,parking du ponteil,2020,1,19,2020,1,19,2020-1,0
rencontre france/pays de galles,2020-01-21,2020-01-24,asf hockey sur gazon,stade docteur léger,2020,1,21,2020,1,24,2020-1,3
challenge interdépartemental de sarbacanne,2020-01-22,2020-01-22,handisport antibes méditerranée,salle saint claude,2020,1,22,2020,1,22,2020-1,0
sélection départementale performance et fédérale de gym,2020-02-01,2020-02-01,oajlp gymnastique,salle pierre brochard,2020,2,1,2020,2,1,2020-2,0
top 12 gym,2020-02-08,2020-02-08,oajlp gymnastique,foch,2020,2,8,2020,2,8,2020-2,0
prix inter parking,2020-02-08,2020-02-08,les amis de la pinède,petite pinède,2020,2,8,2020,2,8,2020-2,0
nuit du hand,2020-02-08,2020-02-08,oajlp handball,salle saint claude,2020,2,8,2020,2,8,2020-2,0
rencontre inter-clubs n3 + régional 1,2020-02-08,2020-02-09,badminton club d'antibes,salle collège fontonne,2020,2,8,2020,2,9,2020-2,1
marcassinade olympique,2020-02-09,2020-02-09,assa escalade,salle paul charpin,2020,2,9,2020,2,9,2020-2,0
rassemblement cycliste,2020-02-09,2020-02-09,vélo club antibois,parvis de la chapelle de la garoupe,2020,2,9,2020,2,9,2020-2,0
stage du club,2020-02-17,2020-02-21,as fontonne football,stade docteur léger,2020,2,17,2020,2,21,2020-2,4
prix des commerçants,2020-02-29,2020-02-29,as fontonne boule,clos borriglion,2020,2,29,2020,2,29,2020-2,0
1/2 finale du top 12 de gym,2020-02-29,2020-02-29,oajlp gymnastique,salle pierre brochard,2020,2,29,2020,2,29,2020-2,0
régate de ligue,2020-03-01,2020-03-01,société des régates d'antibes,stade nautique d'antibes,2020,3,1,2020,3,1,2020-3,0
animation fermeture du bord de mer,2020-03-01,2020-03-01,olympique cyclo club d'antibes,bord de mer côté fort carré,2020,3,1,2020,3,1,2020-3,0
hand ensemble,2020-03-05,2020-03-05,oajlp handball,salle saint claude,2020,3,5,2020,3,5,2020-3,0
tournoi amical master +40 dames,2020-03-07,2020-03-08,as fontonne hockey,stade docteur léger,2020,3,7,2020,3,8,2020-3,1
concours de boules,2020-03-12,2020-03-12,les amis de la pinède,petite et grande pinède,2020,3,12,2020,3,12,2020-3,0
ski nautique,2020-06-27,2020-06-27,belles rives ski nautique club,ponton du belles rives,2020,6,27,2020,6,27,2020-6,0
aquagym,2020-07-01,2020-07-01,cercle des nageurs d'antibes,plage du ponteil,2020,7,1,2020,7,1,2020-7,0
méditation,2020-07-01,2020-07-01,meditbliss,parc exflora,2020,7,1,2020,7,1,2020-7,0
biodonza,2020-07-02,2020-07-02,association bel hêtre,stade nautique d'antibes,2020,7,2,2020,7,2,2020-7,0
zumba,2020-07-03,2020-07-03,sport et culture 06,pinède gould,2020,7,3,2020,7,3,2020-7,0
ski nautique,2020-07-04,2020-07-04,belles rives ski nautique club,ponton du belles rives,2020,7,4,2020,7,4,2020-7,0
aquagym,2020-07-08,2020-07-08,cercle des nageurs d'antibes,plage du ponteil,2020,7,8,2020,7,8,2020-7,0
biodonza,2020-07-09,2020-07-09,association bel hêtre,stade nautique d'antibes,2020,7,9,2020,7,9,2020-7,0
nocturne de pétanque,2020-07-10,2020-07-10,as fontonne boule,clos borriglion,2020,7,10,2020,7,10,2020-7,0
salsa batchata,2020-07-10,2020-07-10,somos latinos,place mariejol,2020,7,10,2020,7,10,2020-7,0
aquagym,2020-07-10,2020-07-10,cercle des nageurs d'antibes,plage du ponteil,2020,7,10,2020,7,10,2020-7,0
méditation,2020-07-15,2020-07-15,meditbliss,parc exflora,2020,7,15,2020,7,15,2020-7,0
biodonza,2020-07-16,2020-07-16,association bel hêtre,stade nautique d'antibes,2020,7,16,2020,7,16,2020-7,0
salsa batchata,2020-07-17,2020-07-17,somos latinos,place mariejol,2020,7,17,2020,7,17,2020-7,0
nocturne de pétanque,2020-07-17,2020-07-17,as fontonne boule,clos borriglion,2020,7,17,2020,7,17,2020-7,0
concours canin ring,2020-07-17,2020-07-18,amicale du chien de travail d'antibes,zi des 3 moulins,2020,7,17,2020,7,18,2020-7,1
ski nautique,2020-07-18,2020-07-18,belles rives ski nautique club,ponton du belles rives,2020,7,18,2020,7,18,2020-7,0
aquagym,2020-07-22,2020-07-22,cercle des nageurs d'antibes,plage du ponteil,2020,7,22,2020,7,22,2020-7,0
méditation,2020-07-22,2020-07-22,meditbliss,parc exflora,2020,7,22,2020,7,22,2020-7,0
biodonza,2020-07-23,2020-07-23,association bel hêtre,stade nautique d'antibes,2020,7,23,2020,7,23,2020-7,0
nocturne de pétanque,2020-07-24,2020-07-24,as fontonne boule,clos borriglion,2020,7,24,2020,7,24,2020-7,0
salsa batchata,2020-07-24,2020-07-24,somos latinos,place mariejol,2020,7,24,2020,7,24,2020-7,0
aquagym,2020-07-29,2020-07-29,cercle des nageurs d'antibes,plage du ponteil,2020,7,29,2020,7,29,2020-7,0
méditation,2020-07-29,2020-07-29,meditbliss,parc exflora,2020,7,29,2020,7,29,2020-7,0
biodonza,2020-07-30,2020-07-30,association bel hêtre,stade nautique d'antibes,2020,7,30,2020,7,30,2020-7,0
salsa batchata,2020-07-30,2020-07-30,somos latinos,place mariejol,2020,7,30,2020,7,30,2020-7,0
nocturne de pétanque,2020-07-30,2020-07-30,as fontonne boule,clos borriglion,2020,7,30,2020,7,30,2020-7,0
marathon estivale féminin de boules,2020-08-02,2020-08-02,as fontonne boule,clos borriglion,2020,8,2,2020,8,2,2020-8,0
biodonza,2020-08-04,2020-08-04,association bel hêtre,stade nautique d'antibes,2020,8,4,2020,8,4,2020-8,0
aquagym,2020-08-05,2020-08-05,cercle des nageurs d'antibes,plage du ponteil,2020,8,5,2020,8,5,2020-8,0
zumba,2020-08-06,2020-08-06,sport et culture 06,pinède gould,2020,8,6,2020,8,6,2020-8,0
nocturne de pétanque,2020-08-07,2020-08-07,as fontonne boule,clos borriglion,2020,8,7,2020,8,7,2020-8,0
salsa batchata,2020-08-07,2020-08-07,somos latinos,place mariejol,2020,8,7,2020,8,7,2020-8,0
biodonza,2020-08-11,2020-08-11,association bel hêtre,stade nautique d'antibes,2020,8,11,2020,8,11,2020-8,0
aquagym,2020-08-12,2020-08-12,cercle des nageurs d'antibes,plage du ponteil,2020,8,12,2020,8,12,2020-8,0
salsa batchata,2020-08-14,2020-08-14,somos latinos,place mariejol,2020,8,14,2020,8,14,2020-8,0
nocturne de pétanque,2020-08-14,2020-08-14,as fontonne boule,clos borriglion,2020,8,14,2020,8,14,2020-8,0
biodonza,2020-08-18,2020-08-18,association bel hêtre,stade nautique d'antibes,2020,8,18,2020,8,18,2020-8,0
aquagym,2020-08-19,2020-08-19,cercle des nageurs d'antibes,plage du ponteil,2020,8,19,2020,8,19,2020-8,0
salsa batchata,2020-08-21,2020-08-21,somos latinos,place mariejol,2020,8,21,2020,8,21,2020-8,0
32ème challenge marc grilli,2020-08-21,2020-08-21,belles rives ski nautique club,ponton du belles rives,2020,8,21,2020,8,21,2020-8,0
nocturne de pétanque,2020-08-21,2020-08-21,as fontonne boule,clos borriglion,2020,8,21,2020,8,21,2020-8,0
biodonza,2020-08-25,2020-08-25,association bel hêtre,stade nautique d'antibes,2020,8,25,2020,8,25,2020-8,0
aquagym,2020-08-26,2020-08-26,cercle des nageurs d'antibes,plage du ponteil,2020,8,26,2020,8,26,2020-8,0
salsa batchata,2020-08-28,2020-08-28,somos latinos,place mariejol,2020,8,28,2020,8,28,2020-8,0
nocturne de pétanque,2020-08-28,2020-08-28,as fontonne boule,clos borriglion,2020,8,28,2020,8,28,2020-8,0
zumba,2020-08-28,2020-08-28,sport et culture 06,pinède gould,2020,8,28,2020,8,28,2020-8,0
concours maëva podair,2020-08-30,2020-08-30,les amis de la pinède,petite pinède,2020,8,30,2020,8,30,2020-8,0
l'eau pour rayonner,2020-09-05,2020-09-05,direction des sports de la ville d'antibes,stade nautique d'antibes,2020,9,5,2020,9,5,2020-9,0
fête de la jeunesse,2020-09-06,2020-09-06,direction des sports de la ville d'antibes,stade du fort carré,2020,9,6,2020,9,6,2020-9,0
jeux de sophia - tir à l'arc,2020-09-07,2020-10-06,sophia club entreprises,zi des 3 moulins,2020,9,7,2020,10,6,2020-9,29
prix roger borriglion,2020-09-12,2020-09-12,as fontonne boule,clos borriglion,2020,9,12,2020,9,12,2020-9,0
tournoi u12 et u13,2020-09-12,2020-09-12,as fontonne football,stade docteur léger,2020,9,12,2020,9,12,2020-9,0
tournoi open de tennis,2020-09-12,2020-09-27,asso tennis,stade des semboules,2020,9,12,2020,9,27,2020-9,15
tournoi u10 et u11,2020-09-19,2020-09-19,as fontonne football,stade docteur léger,2020,9,19,2020,9,19,2020-9,0
prix eric pauget,2020-09-29,2020-09-29,les amis de la pinède,petite pinède,2020,9,29,2020,9,29,2020-9,0
prix jean aude,2020-10-03,2020-10-03,as fontonne boule,clos borriglion,2020,10,3,2020,10,3,2020-10,0
régate habitable - coupe du club,2020-10-03,2020-10-04,société des régates d'antibes,mer d'antibes à menton,2020,10,3,2020,10,4,2020-10,1
régate lasers,2020-10-03,2020-10-04,société des régates d'antibes,stade nautique d'antibes,2020,10,3,2020,10,4,2020-10,1
régate habitable - coupe napoléon,2020-10-08,2020-10-11,société des régates d'antibes,mer d'antibes à elbe,2020,10,8,2020,10,11,2020-10,3
tournoi 8/10 ans orange,2020-10-11,2020-10-11,tennis club d'antibes,tennis jules grec,2020,10,11,2020,10,11,2020-10,0
semaine olympique,2021-02-01,2021-02-06,direction jeunesse,ecoles primaires d'antibes,2021,2,1,2021,2,6,2021-2,5
cdsa natation,2021-02-13,2021-02-13,comité dépatemental,stade nautique d'antibes,2021,2,13,2021,2,13,2021-2,0
stage préparatoire à la coupe de printemps,2021-03-02,2021-03-06,société des régates d'antibes,base nautique de la salis,2021,3,2,2021,3,6,2021-3,4
découverte / initiation pétanque,2021-05-22,2021-05-22,les amis de la pinède,pinède de juan-les-pins,2021,5,22,2021,5,22,2021-5,0
concours d'agility,2021-05-23,2021-05-23,amicale du chien de travail d'antibes,zi des 3 moulins,2021,5,23,2021,5,23,2021-5,0
mercantour vélo - tour,2021-05-24,2021-05-25,mercantour vélo,stade de la fontonne,2021,5,24,2021,5,25,2021-5,1
report du 58ème challenge denape,2021-06-05,2021-06-06,compagnie d'arc d'antibes,zi des 3 moulins,2021,6,5,2021,6,6,2021-6,1
tournoi du club de tennis,2021-06-09,2021-06-23,asso tennis,stade des semboules,2021,6,9,2021,6,23,2021-6,14
tournoi de 3 x 3 et de 5 x 5 de basket,2021-06-12,2021-06-13,oajlp basket,stade foch,2021,6,12,2021,6,13,2021-6,1
ski nautique découverte summer pop's art,2021-06-19,2021-06-19,belles rives ski nautique club,ponton du belles rives,2021,6,19,2021,6,19,2021-6,0
l'eau pour rayonner,2021-06-19,2021-06-19,autisme,stade nautique d'antibes,2021,6,19,2021,6,19,2021-6,0
70ème grand prix d'antibes,2021-06-20,2021-06-20,olympique cyclo club d'antibes,gréolières,2021,6,20,2021,6,20,2021-6,0
journée olympique,2021-06-22,2021-06-22,cdos 06,stade du fort carré,2021,6,22,2021,6,22,2021-6,0
tournée handivoile 06,2021-06-24,2021-06-24,département des alpes-maritimes,base nautique de la salis,2021,6,24,2021,6,24,2021-6,0
ski nautique découverte summer pop's art,2021-06-26,2021-06-26,belles rives ski nautique club,ponton du belles rives,2021,6,26,2021,6,26,2021-6,0
fêtes de la saint pierre,2021-06-26,2021-06-27,direction animation et activités culturelles,base nautique de la salis,2021,6,26,2021,6,27,2021-6,1
tournoi de tennis ballon,2021-06-28,2021-07-04,jeunesse sportive de juan-les-pins,stade gilbert auvergne,2021,6,28,2021,7,4,2021-6,6
tournoi régional de tennis,2021-07-01,2021-07-14,tennis club d'antibes,tennis jules grec,2021,7,1,2021,7,14,2021-7,13
nocturne estivale pétanque,2021-07-02,2021-07-02,as fontonne boule,clos borriglion,2021,7,2,2021,7,2,2021-7,0
tournoi basketball 3 x 3,2021-07-02,2021-07-03,sharks d'antibes,pré des pêcheurs,2021,7,2,2021,7,3,2021-7,1
ski nautique découverte summer pop's art,2021-07-03,2021-07-03,belles rives ski nautique club,ponton du belles rives,2021,7,3,2021,7,3,2021-7,0
championnat fédéral nocturne,2021-07-03,2021-07-03,compagnie d'arc d'antibes,zi des 3 moulins,2021,7,3,2021,7,3,2021-7,0
salsa batchata - swing - danses en ligne summer pop's art,2021-07-05,2021-07-05,studio danse 06,place des martyrs de la résistance,2021,7,5,2021,7,5,2021-7,0
pétanque - summer pop's art,2021-07-06,2021-07-06,direction des sports de la ville d'antibes,stade des semboules,2021,7,6,2021,7,6,2021-7,0
step - summer pop's art,2021-07-07,2021-07-07,direction des sports de la ville d'antibes,stade nautique d'antibes,2021,7,7,2021,7,7,2021-7,0
aquagym en mer - summer pop's art,2021-07-07,2021-07-07,cercle des nageurs d'antibes,plage du ponteil,2021,7,7,2021,7,7,2021-7,0
méditation en musique,2021-07-07,2021-07-07,meditbliss,base nautique du ponteil,2021,7,7,2021,7,7,2021-7,0
stretching - summer pop's art,2021-07-08,2021-07-08,direction des sports de la ville d'antibes,base nautique du ponteil,2021,7,8,2021,7,8,2021-7,0
salsa cubaine et batchata dominiquaine - summer pop's art,2021-07-09,2021-07-09,somos latinos,place mariejol,2021,7,9,2021,7,9,2021-7,0
fit foot - summer pop's art,2021-07-09,2021-07-09,jeunesse sportive de juan-les-pins,pré des pêcheurs,2021,7,9,2021,7,9,2021-7,0
zumba - summer pop's art,2021-07-09,2021-07-09,pro vie danse,pinède gould,2021,7,9,2021,7,9,2021-7,0
shakti danse - yoga de la danse - summer pop's art,2021-07-09,2021-07-09,le bonheur est dans l'éveil,parc exflora,2021,7,9,2021,7,9,2021-7,0
nocturne estivale pétanque,2021-07-09,2021-07-09,as fontonne boule,clos borriglion,2021,7,9,2021,7,9,2021-7,0
arts vietnamiens - summer pop's art,2021-07-10,2021-07-10,association art et culture d'asie,pré des pêcheurs,2021,7,10,2021,7,10,2021-7,0
marche active - summer pop's art,2021-07-12,2021-07-12,direction des sports de la ville d'antibes,place nationale,2021,7,12,2021,7,12,2021-7,0
cardio training - summer pop's art,2021-07-13,2021-07-13,direction des sports de la ville d'antibes,parc exflora,2021,7,13,2021,7,13,2021-7,0
aquagym en mer - summer pop's art,2021-07-14,2021-07-14,cercle des nageurs d'antibes,plage du ponteil,2021,7,14,2021,7,14,2021-7,0
méditation en musique,2021-07-14,2021-07-14,meditbliss,base nautique du ponteil,2021,7,14,2021,7,14,2021-7,0
cuisses abdos fessiers - summer pop's art,2021-07-15,2021-07-15,direction des sports de la ville d'antibes,stade nautique d'antibes,2021,7,15,2021,7,15,2021-7,0
salsa cubaine et batchata dominiquaine - summer pop's art,2021-07-16,2021-07-16,somos latinos,place mariejol,2021,7,16,2021,7,16,2021-7,0
salsa batchata - swing - danses en ligne summer pop's art,2021-07-16,2021-07-16,studio danse 06,place des martyrs de la résistance,2021,7,16,2021,7,16,2021-7,0
shakti danse - yoga de la danse - summer pop's art,2021-07-16,2021-07-16,le bonheur est dans l'éveil,parc exflora,2021,7,16,2021,7,16,2021-7,0
nocturne estivale pétanque,2021-07-16,2021-07-16,as fontonne boule,clos borriglion,2021,7,16,2021,7,16,2021-7,0
st marie madeleine,2021-07-17,2021-07-17,as fontonne boule,clos borriglion,2021,7,17,2021,7,17,2021-7,0
circuit training - summer pop's art,2021-07-20,2021-07-20,direction des sports de la ville d'antibes,stade des semboules,2021,7,20,2021,7,20,2021-7,0
renforcement musculaire - summer pop's art,2021-07-21,2021-07-21,direction des sports de la ville d'antibes,parc exflora,2021,7,21,2021,7,21,2021-7,0
squash - summer pop's art,2021-07-21,2021-07-21,topfit squash,pré des pêcheurs,2021,7,21,2021,7,21,2021-7,0
aquagym en mer - summer pop's art,2021-07-21,2021-07-21,cercle des nageurs d'antibes,plage du ponteil,2021,7,21,2021,7,21,2021-7,0
méditation en musique,2021-07-21,2021-07-21,meditbliss,base nautique du ponteil,2021,7,21,2021,7,21,2021-7,0
initiation saut à la perche - summer pop's art,2021-07-22,2021-07-22,direction des sports de la ville d'antibes,stade du fort carré,2021,7,22,2021,7,22,2021-7,0
salsa batchata - swing - danses en ligne summer pop's art,2021-07-23,2021-07-23,studio danse 06,place des martyrs de la résistance,2021,7,23,2021,7,23,2021-7,0
salsa cubaine et batchata dominiquaine - summer pop's art,2021-07-23,2021-07-23,somos latinos,place mariejol,2021,7,23,2021,7,23,2021-7,0
initiation badminton - summer pop's art,2021-07-23,2021-07-23,badminton club d'antibes,pré des pêcheurs,2021,7,23,2021,7,23,2021-7,0
nocturne estivale pétanque,2021-07-23,2021-07-23,as fontonne boule,clos borriglion,2021,7,23,2021,7,23,2021-7,0
squash - summer pop's art,2021-07-26,2021-07-26,topfit squash,topfit squash,2021,7,26,2021,7,26,2021-7,0
pilates - summer pop's art,2021-07-27,2021-07-27,direction des sports de la ville d'antibes,parc exflora,2021,7,27,2021,7,27,2021-7,0
squash - summer pop's art,2021-07-28,2021-07-28,topfit squash,pré des pêcheurs,2021,7,28,2021,7,28,2021-7,0
cuisses abdos fessiers - summer pop's art,2021-07-28,2021-07-28,direction des sports de la ville d'antibes,stade nautique d'antibes,2021,7,28,2021,7,28,2021-7,0
aquagym en mer - summer pop's art,2021-07-28,2021-07-28,cercle des nageurs d'antibes,plage du ponteil,2021,7,28,2021,7,28,2021-7,0
méditation en musique,2021-07-28,2021-07-28,meditbliss,base nautique du ponteil,2021,7,28,2021,7,28,2021-7,0
ultimate frisbee,2021-07-29,2021-07-29,direction des sports de la ville d'antibes,stade gilbert auvergne,2021,7,29,2021,7,29,2021-7,0
mondial footvolley,2021-07-30,2021-08-01,association footvolley antibes,pinède gould,2021,7,30,2021,8,1,2021-7,2
salsa cubaine et batchata dominiquaine - summer pop's art,2021-07-30,2021-07-30,somos latinos,place mariejol,2021,7,30,2021,7,30,2021-7,0
shakti danse - yoga de la danse - summer pop's art,2021-07-30,2021-07-30,le bonheur est dans l'éveil,parc exflora,2021,7,30,2021,7,30,2021-7,0
nocturne estivale pétanque,2021-07-30,2021-07-30,as fontonne boule,clos borriglion,2021,7,30,2021,7,30,2021-7,0
tir à l'arc - summer pop's art,2021-08-03,2021-08-03,direction des sports de la ville d'antibes,stade des semboules,2021,8,3,2021,8,3,2021-8,0
biodonza - summer pop's art,2021-08-03,2021-08-03,association bel hêtre,base nautique du ponteil,2021,8,3,2021,8,3,2021-8,0
circuit training - summer pop's art,2021-08-04,2021-08-04,direction des sports de la ville d'antibes,stade nautique d'antibes,2021,8,4,2021,8,4,2021-8,0
aquagym en mer - summer pop's art,2021-08-04,2021-08-04,cercle des nageurs d'antibes,plage du ponteil,2021,8,4,2021,8,4,2021-8,0
stretching - summer pop's art,2021-08-05,2021-08-05,direction des sports de la ville d'antibes,base nautique du ponteil,2021,8,5,2021,8,5,2021-8,0
rock - summer pop's art,2021-08-05,2021-08-05,lm danse,pré des pêcheurs,2021,8,5,2021,8,5,2021-8,0
salsa batchata - summer pop's art,2021-08-06,2021-08-06,somos latinos,place mariejol,2021,8,6,2021,8,6,2021-8,0
shakti danse - yoga de la danse - summer pop's art,2021-08-06,2021-08-06,le bonheur est dans l'éveil,parc exflora,2021,8,6,2021,8,6,2021-8,0
fit foot - summer pop's art,2021-08-06,2021-08-06,jeunesse sportive de juan-les-pins,pré des pêcheurs,2021,8,6,2021,8,6,2021-8,0
nocturne estivale pétanque,2021-08-06,2021-08-06,as fontonne boule,clos borriglion,2021,8,6,2021,8,6,2021-8,0
pilates - summer pop's art,2021-08-10,2021-08-10,direction des sports de la ville d'antibes,parc exflora,2021,8,10,2021,8,10,2021-8,0
biodonza - summer pop's art,2021-08-10,2021-08-10,association bel hêtre,base nautique du ponteil,2021,8,10,2021,8,10,2021-8,0
circuit training - summer pop's art,2021-08-11,2021-08-11,direction des sports de la ville d'antibes,stade du fort carré,2021,8,11,2021,8,11,2021-8,0
aquagym en mer - summer pop's art,2021-08-11,2021-08-11,cercle des nageurs d'antibes,plage du ponteil,2021,8,11,2021,8,11,2021-8,0
stretching - summer pop's art,2021-08-12,2021-08-12,direction des sports de la ville d'antibes,parc exflora,2021,8,12,2021,8,12,2021-8,0
rock - summer pop's art,2021-08-12,2021-08-12,lm danse,pré des pêcheurs,2021,8,12,2021,8,12,2021-8,0
salsa batchata - summer pop's art,2021-08-13,2021-08-13,somos latinos,place mariejol,2021,8,13,2021,8,13,2021-8,0
nocturne estivale pétanque,2021-08-13,2021-08-13,as fontonne boule,clos borriglion,2021,8,13,2021,8,13,2021-8,0
squash - summer pop's art,2021-08-16,2021-08-16,topfit squash,pré des pêcheurs,2021,8,16,2021,8,16,2021-8,0
marche active - summer pop's art,2021-08-17,2021-08-17,direction des sports de la ville d'antibes,place nationale,2021,8,17,2021,8,17,2021-8,0
biodonza - summer pop's art,2021-08-17,2021-08-17,association bel hêtre,base nautique du ponteil,2021,8,17,2021,8,17,2021-8,0
initiation saut à la perche - summer pop's art,2021-08-18,2021-08-18,direction des sports de la ville d'antibes,stade du fort carré,2021,8,18,2021,8,18,2021-8,0
aquagym en mer - summer pop's art,2021-08-18,2021-08-18,cercle des nageurs d'antibes,plage du ponteil,2021,8,18,2021,8,18,2021-8,0
pétanque - summer pop's art,2021-08-19,2021-08-19,direction des sports de la ville d'antibes,base nautique du ponteil,2021,8,19,2021,8,19,2021-8,0
zumba - summer pop's art,2021-08-19,2021-08-19,sport et culture 06,pinède gould,2021,8,19,2021,8,19,2021-8,0
salsa batchata - summer pop's art,2021-08-20,2021-08-20,somos latinos,place mariejol,2021,8,20,2021,8,20,2021-8,0
nocturne estivale pétanque,2021-08-20,2021-08-20,as fontonne boule,clos borriglion,2021,8,20,2021,8,20,2021-8,0
salsa batchata - swing - danses en ligne summer pop's art,2021-08-20,2021-08-20,studio danse 06,place des martyrs de la résistance,2021,8,20,2021,8,20,2021-8,0
squash - summer pop's art,2021-08-20,2021-08-20,topfit squash,topfit squash,2021,8,20,2021,8,20,2021-8,0
initiation badminton - summer pop's art,2021-08-20,2021-08-20,badminton club d'antibes,pré des pêcheurs,2021,8,20,2021,8,20,2021-8,0
zumba - summer pop's art,2021-08-20,2021-08-20,pro vie danse,place des martyrs de la résistance,2021,8,20,2021,8,20,2021-8,0
tournoi open jeunes tennis,2021-08-20,2021-08-27,tennis club d'antibes,tennis jules grec,2021,8,20,2021,8,27,2021-8,7
challenge marc grilli,2021-08-23,2021-08-23,belles rives ski nautique club,ponton du belles rives,2021,8,23,2021,8,23,2021-8,0
cuisses abdos fessiers - summer pop's art,2021-08-24,2021-08-24,direction des sports de la ville d'antibes,parc exflora,2021,8,24,2021,8,24,2021-8,0
biodonza - summer pop's art,2021-08-24,2021-08-24,association bel hêtre,base nautique du ponteil,2021,8,24,2021,8,24,2021-8,0
aquagym en mer - summer pop's art,2021-08-25,2021-08-25,cercle des nageurs d'antibes,plage du ponteil,2021,8,25,2021,8,25,2021-8,0
beach volley - summer pop's art,2021-08-25,2021-08-25,direction des sports de la ville d'antibes,stade du fort carré,2021,8,25,2021,8,25,2021-8,0
squash - summer pop's art,2021-08-25,2021-08-25,topfit squash,pré des pêcheurs,2021,8,25,2021,8,25,2021-8,0
ultimate frisbee,2021-08-26,2021-08-26,direction des sports de la ville d'antibes,stade du fort carré,2021,8,26,2021,8,26,2021-8,0
zumba - summer pop's art,2021-08-26,2021-08-26,sport et culture 06,pinède gould,2021,8,26,2021,8,26,2021-8,0
shakti danse - yoga de la danse - summer pop's art,2021-08-27,2021-08-27,le bonheur est dans l'éveil,parc exflora,2021,8,27,2021,8,27,2021-8,0
squash - summer pop's art,2021-08-27,2021-08-27,topfit squash,topfit squash,2021,8,27,2021,8,27,2021-8,0
salsa batchata - summer pop's art,2021-08-27,2021-08-27,somos latinos,place mariejol,2021,8,27,2021,8,27,2021-8,0
salsa batchata - swing - danses en ligne summer pop's art,2021-08-27,2021-08-27,studio danse 06,place des martyrs de la résistance,2021,8,27,2021,8,27,2021-8,0
nocturne estivale pétanque,2021-08-27,2021-08-27,as fontonne boule,clos borriglion,2021,8,27,2021,8,27,2021-8,0
arts vietnamiens - summer pop's art,2021-08-28,2021-08-28,association art et culture d'asie,pré des pêcheurs,2021,8,28,2021,8,28,2021-8,0
nocturne estivale pétanque,2021-09-03,2021-09-03,as fontonne boule,clos borriglion,2021,9,3,2021,9,3,2021-9,0
fête de la jeunesse et des sports,2021-09-05,2021-09-05,direction des sports de la ville d'antibes,stade du fort carré,2021,9,5,2021,9,5,2021-9,0
tournoi international vétérans 2,2021-09-05,2021-09-11,tennis club d'antibes,tennis jules grec,2021,9,5,2021,9,11,2021-9,6
jeux de sophia - tir à l'arc,2021-09-06,2021-09-28,sophia club entreprises,zi des 3 moulins,2021,9,6,2021,9,28,2021-9,22
rassemblement + 55 ans,2021-09-09,2021-09-12,asf antibes hockey,terrains de la fontonne,2021,9,9,2021,9,12,2021-9,3
tournoi de pré-saison u12-u13,2021-09-11,2021-09-11,as fontonne football,terrains de la fontonne,2021,9,11,2021,9,11,2021-9,0
match de leaders cup prob 2021-2022,2021-09-17,2021-09-17,sharks d'antibes,azurarena antibes,2021,9,17,2021,9,17,2021-9,0
tournoi de pré-saison u12-u13,2021-09-18,2021-09-18,as fontonne football,terrains de la fontonne,2021,9,18,2021,9,18,2021-9,0
match de leaders cup prob 2021-2022,2021-09-24,2021-09-24,sharks d'antibes,azurarena antibes,2021,9,24,2021,9,24,2021-9,0
course aux points top cycle,2021-09-25,2021-09-25,olympique cyclo club d'antibes,cannes la bocca,2021,9,25,2021,9,25,2021-9,0
nuit du hand,2021-09-25,2021-09-25,oajlp handball,salle saint claude,2021,9,25,2021,9,25,2021-9,0
ti-plage,2021-10-02,2021-10-02,bde-bds polytech nice sophia,plage du pont du lys,2021,10,2,2021,10,2,2021-10,0
report du 56ème rallye d'antibes,2021-10-06,2021-10-09,association sportive automobile;rallye antibes association,antibes,2021,10,6,2021,10,9,2021-10,3
tournoi beach rugby,2021-10-09,2021-10-09,esprit passion ovale skéma business school,plage du pont du lys,2021,10,9,2021,10,9,2021-10,0
régate napoleon,2021-10-10,2021-10-10,société des régates d'antibes,club port vauban,2021,10,10,2021,10,10,2021-10,0
régate modèle réduit vcr-rg65,2021-10-10,2021-10-10,société des régates d'antibes,base nautique de la salis,2021,10,10,2021,10,10,2021-10,0
42ème courir pour une fleur,2021-10-16,2021-10-17,direction des sports de la ville d'antibes,stade du fort carré,2021,10,16,2021,10,17,2021-10,1
2ème journée du championnat de pro b 2021-2022,2021-10-22,2021-10-22,sharks d'antibes,azurarena antibes,2021,10,22,2021,10,22,2021-10,0
4ème journée du championnat de pro b 2021-2022,2021-11-05,2021-11-05,sharks d'antibes,azurarena antibes,2021,11,5,2021,11,5,2021-11,0
cross du poilu,2021-11-09,2021-11-09,direction des sports de la ville d'antibes,stade du fort carré,2021,11,9,2021,11,9,2021-11,0
5ème journée du championnat de pro b 2021-2022,2021-11-09,2021-11-09,sharks d'antibes,azurarena antibes,2021,11,9,2021,11,9,2021-11,0
cross du fort carré,2021-11-13,2021-11-13,eraa,stade du fort carré,2021,11,13,2021,11,13,2021-11,0
7ème journée du championnat de pro b 2021-2022,2021-11-19,2021-11-19,sharks d'antibes,azurarena antibes,2021,11,19,2021,11,19,2021-11,0
tournoi de footvolley,2021-11-21,2021-11-21,association footvolley antibes,terrains de beach du fort carré,2021,11,21,2021,11,21,2021-11,0
marathon nice - cannes,2021-11-28,2021-11-28,azur sport organisation,antibes,2021,11,28,2021,11,28,2021-11,0
téléthon,2021-12-04,2021-12-04,direction animation et activités culturelles,place nationale,2021,12,4,2021,12,4,2021-12,0
azur contest de skate,2021-12-05,2021-12-05,azur skate board,stade du fort carré,2021,12,5,2021,12,5,2021-12,0
9ème journée du championnat de pro b 2021-2022,2021-12-10,2021-12-10,sharks d'antibes,azurarena antibes,2021,12,10,2021,12,10,2021-12,0
triathlon de la st sylvestre,2021-12-12,2021-12-12,antibes triathlon,pinède gould,2021,12,12,2021,12,12,2021-12,0
hand ensemble,2021-12-16,2021-12-16,oajlp handball,salle saint claude,2021,12,16,2021,12,16,2021-12,0
report du rassemblement ufolep,2021-12-19,2021-12-19,olympique cyclo club d'antibes,square albert 1er,2021,12,19,2021,12,19,2021-12,0
11ème journée du championnat de pro b 2021-2022,2021-12-23,2021-12-23,sharks d'antibes,azurarena antibes,2021,12,23,2021,12,23,2021-12,0
14ème journée du championnat de pro b 2021-2022,2022-01-21,2022-01-21,sharks d'antibes,azurarena antibes,2022,1,21,2022,1,21,2022-1,0
compétition tennis de table,2022-01-22,2022-01-23,oajlp tennis de table,azurarena antibes,2022,1,22,2022,1,23,2022-1,1
5ème cyclocross des semboules,2022-01-23,2022-01-23,olympique cyclo club d'antibes,stade des semboules,2022,1,23,2022,1,23,2022-1,0
matinée football,2022-01-23,2022-01-23,jeunesse sportive de juan-les-pins,stade gilbert auvergne,2022,1,23,2022,1,23,2022-1,0
souvenir albert triton,2022-01-30,2022-01-30,antibes vélo passion,parking du ponteil,2022,1,30,2022,1,30,2022-1,0
17ème journée du championnat de pro b 2021-2022,2022-02-04,2022-02-04,sharks d'antibes,azurarena antibes,2022,2,4,2022,2,4,2022-2,0
compétition départementale de gym,2022-02-05,2022-02-05,oajlp gymnastique,salle pierre brochard,2022,2,5,2022,2,5,2022-2,0
18ème journée du championnat de pro b 2021-2022,2022-02-08,2022-02-08,sharks d'antibes,azurarena antibes,2022,2,8,2022,2,8,2022-2,0
régate et stage d'optimist,2022-02-13,2022-02-17,société des régates d'antibes,base nautique du ponteil,2022,2,13,2022,2,17,2022-2,4
20ème journée du championnat de pro b 2021-2022,2022-02-18,2022-02-18,sharks d'antibes,azurarena antibes,2022,2,18,2022,2,18,2022-2,0
souvenir josé garrido,2022-02-19,2022-02-19,les amis de la pinède,petite pinède,2022,2,19,2022,2,19,2022-2,0
concours swiss de pétanque,2022-02-26,2022-02-26,asf boules,clos borriglion,2022,2,26,2022,2,26,2022-2,0
top 12 de gym antibes contre oyonnax,2022-02-26,2022-02-26,oajlp gymnastique,salle pierre brochard,2022,2,26,2022,2,26,2022-2,0
rassemblement cycliste,2022-02-27,2022-02-27,vélo club antibois,esplanade de la garoupe,2022,2,27,2022,2,27,2022-2,0
21ème journée du championnat de pro b 2021-2022,2022-03-04,2022-03-04,sharks d'antibes,azurarena antibes,2022,3,4,2022,3,4,2022-3,0
compétition départementale de gym,2022-03-05,2022-03-05,oajlp gymnastique,salle pierre brochard,2022,3,5,2022,3,5,2022-3,0
compétition tennis de table,2022-03-09,2022-03-10,oajlp tennis de table,azurarena antibes,2022,3,9,2022,3,10,2022-3,1
grand prix des amis de la pinède,2022-03-10,2022-03-10,les amis de la pinède,petite pinède,2022,3,10,2022,3,10,2022-3,0
compétition tennis de table,2022-03-12,2022-03-13,oajlp tennis de table,azurarena antibes,2022,3,12,2022,3,13,2022-3,1
24ème journée du championnat de pro b 2021-2022,2022-03-18,2022-03-18,sharks d'antibes,azurarena antibes,2022,3,18,2022,3,18,2022-3,0
départemental triplette,2022-03-19,2022-03-19,as fontonne boule,clos borriglion,2022,3,19,2022,3,19,2022-3,0
championnat départ de tir,2022-03-20,2022-03-20,tir sportif d'antibes,zi des 3 moulins,2022,3,20,2022,3,20,2022-3,0
ocean racing,2022-03-26,2022-03-26,club omnisports de valbonne,plage des croûtons,2022,3,26,2022,3,26,2022-3,0
6ème calvaire antibois,2022-03-27,2022-03-27,asoa section run & tri,parking salis et cap,2022,3,27,2022,3,27,2022-3,0
open intersport tennis vet + jeunes,2022-03-30,2022-03-30,tennis club d'antibes,tennis jules grec,2022,3,30,2022,3,30,2022-3,0
26ème journée du championnat de pro b 2021-2022,2022-04-01,2022-04-01,sharks d'antibes,azurarena antibes,2022,4,1,2022,4,1,2022-4,0
open footvolley,2022-04-02,2022-04-02,association footvolley antibes,stade du fort carré,2022,4,2,2022,4,2,2022-4,0
assa bloc 2022,2022-04-03,2022-04-03,assa escalade,salle paul charpin,2022,4,3,2022,4,3,2022-4,0
3ème etape du tour des alpes-maritimes,2022-04-03,2022-04-03,olympique cyclo club d'antibes,antibes / biot,2022,4,3,2022,4,3,2022-4,0
27ème journée du championnat de pro b 2021-2022,2022-04-05,2022-04-05,sharks d'antibes,azurarena antibes,2022,4,5,2022,4,5,2022-4,0
report du challenge sarbacane,2022-04-06,2022-04-06,handisport antibes méditerranée,salle saint claude,2022,4,6,2022,4,6,2022-4,0
circuit national de tir,2022-04-08,2022-04-10,tir sportif d'antibes,zi des 3 moulins,2022,4,8,2022,4,10,2022-4,2
journée de qualif de tir de precision,2022-04-15,2022-04-15,etoile bouliste de la croix rouge,croix rouge,2022,4,15,2022,4,15,2022-4,0
29ème journée du championnat de pro b 2021-2022,2022-04-15,2022-04-15,sharks d'antibes,azurarena antibes,2022,4,15,2022,4,15,2022-4,0
tournoi de pâques du fca,2022-04-16,2022-04-18,football club d'antibes,stade du fort carré,2022,4,16,2022,4,18,2022-4,2
29ème challenge alain cinquin,2022-04-16,2022-04-18,asf antibes hockey,terrains de la fontonne,2022,4,16,2022,4,18,2022-4,2
coupe internationale printemps,2022-04-16,2022-04-24,société des régates d'antibes,port gallice,2022,4,16,2022,4,24,2022-4,8
grand prix des amis de la pinède,2022-04-17,2022-04-17,les amis de la pinède,petite pinède,2022,4,17,2022,4,17,2022-4,0
regional ecole de tir,2022-04-23,2022-04-23,tir sportif d'antibes,zi des 3 moulins,2022,4,23,2022,4,23,2022-4,0
hand ensemble,2022-04-28,2022-04-28,oajlp handball,salle saint claude,2022,4,28,2022,4,28,2022-4,0
31ème journée du championnat de pro b 2021-2022,2022-04-29,2022-04-29,sharks d'antibes,azurarena antibes,2022,4,29,2022,4,29,2022-4,0
top 12 de gym antibes contre oyonnax,2022-04-30,2022-04-30,oajlp gymnastique,salle foch,2022,4,30,2022,4,30,2022-4,0
tournoi de tennis des semboules,2022-04-30,2022-05-15,asso tennis,stade des semboules,2022,4,30,2022,5,15,2022-4,15
tournoi football jsjlp,2022-05-01,2022-05-01,jeunesse sportive de juan-les-pins,stade gilbert auvergne,2022,5,1,2022,5,1,2022-5,0
ocean canoe experience,2022-05-01,2022-05-01,antibes skoal,base nautique du ponteil,2022,5,1,2022,5,1,2022-5,0
match amical club,2022-05-08,2022-05-08,tir sportif d'antibes,zi des 3 moulins,2022,5,8,2022,5,8,2022-5,0
tournoi du 8 mai,2022-05-08,2022-05-08,cdj antibes,zi des 3 moulins,2022,5,8,2022,5,8,2022-5,0
open de tennis adultes,2022-05-12,2022-05-27,tennis club d'antibes,tennis jules grec,2022,5,12,2022,5,27,2022-5,15
34ème journée du championnat de pro b 2021-2022,2022-05-13,2022-05-13,sharks d'antibes,azurarena antibes,2022,5,13,2022,5,13,2022-5,0
nuit du hand,2022-05-14,2022-05-14,oajlp handball,salle saint claude,2022,5,14,2022,5,14,2022-5,0
départemental 25/50m,2022-05-14,2022-05-15,tir sportif d'antibes,zi des 3 moulins,2022,5,14,2022,5,15,2022-5,1
24h de nage avec palme,2022-05-14,2022-05-15,spondyle club d'antibes,stade nautique d'antibes,2022,5,14,2022,5,15,2022-5,1
la boule chantante,2022-05-14,2022-05-14,les amis de la pinède,petite pinède,2022,5,14,2022,5,14,2022-5,0
concours d'agility,2022-05-15,2022-05-15,amicale du chien de travail d'antibes,zi des 3 moulins,2022,5,15,2022,5,15,2022-5,0
coupe de france de beach volley,2022-05-15,2022-05-15,oajlp volley-ball,terrains de beach du fort carré,2022,5,15,2022,5,15,2022-5,0
jeux de sophia - tir à l'arc,2022-05-16,2022-05-17,sophia club entreprises,stand de tir des 3 moulins,2022,5,16,2022,5,17,2022-5,1
57ème rallye d'antibes et super spéciale,2022-05-19,2022-05-22,association sportive automobile;rallye antibes association,pré des pêcheurs,2022,5,19,2022,5,22,2022-5,3
jeux de sophia - tir à l'arc,2022-05-20,2022-05-20,sophia club entreprises,stand de tir des 3 moulins,2022,5,20,2022,5,20,2022-5,0
59ème challenge denape,2022-05-21,2022-05-22,compagnie d'arc d'antibes,stand de tir des 3 moulins,2022,5,21,2022,5,22,2022-5,1
tournoi de footvolley,2022-05-22,2022-05-22,association footvolley antibes,terrains de beach du fort carré,2022,5,22,2022,5,22,2022-5,0
jeux de sophia - tir à l'arc,2022-05-23,2022-05-24,sophia club entreprises,stand de tir des 3 moulins,2022,5,23,2022,5,24,2022-5,1
pro b - playoffs accession 2021-2022,2022-05-23,2022-05-23,sharks d'antibes,azurarena antibes,2022,5,23,2022,5,23,2022-5,0
raid unss antibes 2022,2022-05-25,2022-05-25,unss nice,plage du ponteil,2022,5,25,2022,5,25,2022-5,0
top 12 de gym 1/2 finale,2022-05-26,2022-05-26,oajlp gymnastique,salle pierre brochard,2022,5,26,2022,5,26,2022-5,0
tournoi football n°2 jsjlp,2022-05-26,2022-05-26,jeunesse sportive de juan-les-pins,stade gilbert auvergne,2022,5,26,2022,5,26,2022-5,0
tournoi international des vétérans,2022-05-26,2022-05-28,as fontonne football,stade docteur léger,2022,5,26,2022,5,28,2022-5,2
concours d'agility,2022-05-28,2022-05-29,amicale du chien de travail d'antibes,zi des 3 moulins,2022,5,28,2022,5,29,2022-5,1
tournoi football n°3 jsjlp,2022-05-29,2022-05-29,jeunesse sportive de juan-les-pins,stade gilbert auvergne,2022,5,29,2022,5,29,2022-5,0
pro b - playoffs accession 2021-2022,2022-05-29,2022-05-29,sharks d'antibes,azurarena antibes,2022,5,29,2022,5,29,2022-5,0
jeux de sophia - tir à l'arc,2022-05-30,2022-05-31,sophia club entreprises,stand de tir des 3 moulins,2022,5,30,2022,5,31,2022-5,1
jeux de sophia - tir à l'arc,2022-06-02,2022-06-02,sophia club entreprises,stand de tir des 3 moulins,2022,6,2,2022,6,2,2022-6,0
sport- co challenge- handball,2022-06-02,2022-06-02,riviera tag rugby,salle saint claude,2022,6,2,2022,6,2,2022-6,0
jeux de sophia - tir à l'arc,2022-06-03,2022-06-03,sophia club entreprises,stand de tir des 3 moulins,2022,6,3,2022,6,3,2022-6,0
tournoi international u15,2022-06-03,2022-06-05,oajlp basket,stade foch,2022,6,3,2022,6,5,2022-6,2
13ème edition handiboise,2022-06-04,2022-06-04,société des régates d'antibes,antibes,2022,6,4,2022,6,4,2022-6,0
concours débutants de tir à l'arc,2022-06-04,2022-06-04,compagnie d'arc d'antibes,stand de tir des 3 moulins,2022,6,4,2022,6,4,2022-6,0
pro b - playoffs accession 2021-2022,2022-06-04,2022-06-04,sharks d'antibes,azurarena antibes,2022,6,4,2022,6,4,2022-6,0
tournoi international jeunes,2022-06-04,2022-06-06,as fontonne football,stade docteur léger,2022,6,4,2022,6,6,2022-6,2
semaine bouliste du chataignier,2022-06-04,2022-06-07,amicale bouliste du châtaignier,clos du châtaignier,2022,6,4,2022,6,7,2022-6,3
jeux de sophia - tir à l'arc,2022-06-07,2022-06-07,sophia club entreprises,stand de tir des 3 moulins,2022,6,7,2022,6,7,2022-6,0
jeux de sophia - tir à l'arc,2022-06-09,2022-06-09,sophia club entreprises,stand de tir des 3 moulins,2022,6,9,2022,6,9,2022-6,0
sport- co challenge- volleyball,2022-06-09,2022-06-09,riviera tag rugby,salle bertone,2022,6,9,2022,6,9,2022-6,0
cross des 3ème du collège roustan,2022-06-10,2022-06-10,collège roustan,stade du fort carré,2022,6,10,2022,6,10,2022-6,0
prix roger borriglion,2022-06-11,2022-06-11,asf boules,clos borriglion,2022,6,11,2022,6,11,2022-6,0
pro b - playoffs accession 2021-2022,2022-06-11,2022-06-11,sharks d'antibes,azurarena antibes,2022,6,11,2022,6,11,2022-6,0
trust yourself contest,2022-06-11,2022-06-12,club des jeunes,zi des 3 moulins,2022,6,11,2022,6,12,2022-6,1
l'eau pour rayonner,2022-06-11,2022-06-11,autisme,stade nautique d'antibes,2022,6,11,2022,6,11,2022-6,0
challende belmas,2022-06-11,2022-06-12,rugby club sophia antipolis,stade gilbert auvergne,2022,6,11,2022,6,12,2022-6,1
open footvolley,2022-06-11,2022-06-11,association footvolley antibes,stade du fort carré,2022,6,11,2022,6,11,2022-6,0
tournoi de football reduit jeunes,2022-06-11,2022-06-11,as fontonne football,stade docteur léger,2022,6,11,2022,6,11,2022-6,0
répétition spectacle ecole de danse,2022-06-11,2022-06-18,association pro dance,salle saint claude,2022,6,11,2022,6,18,2022-6,7
sport- co challenge- tag rugby,2022-06-16,2022-06-16,riviera tag rugby,stade du fort carré,2022,6,16,2022,6,16,2022-6,0
tournée handivoile 06,2022-06-17,2022-06-17,département des alpes-maritimes,base nautique du ponteil,2022,6,17,2022,6,17,2022-6,0
nocturne n°1 de pétanque,2022-06-17,2022-06-17,asf boules,clos borriglion,2022,6,17,2022,6,17,2022-6,0
gala annuel de gym,2022-06-18,2022-06-18,oajlp gymnastique,salle pierre brochard,2022,6,18,2022,6,18,2022-6,0
répétition spectacle ecole de danse,2022-06-18,2022-06-18,association pro dance,salle foch,2022,6,18,2022,6,18,2022-6,0
traversée de l'espoir,2022-06-18,2022-06-18,le chemin de maëlline,base nautique du ponteil,2022,6,18,2022,6,18,2022-6,0
régional de tir,2022-06-18,2022-06-19,tir sportif d'antibes,stand de tir des 3 moulins,2022,6,18,2022,6,19,2022-6,1
azur contest,2022-06-19,2022-06-19,azur skate board,stade du fort carré,2022,6,19,2022,6,19,2022-6,0
rand cycliste sapaudia-monoikos,2022-06-20,2022-06-20,association la splaudia,antibes,2022,6,20,2022,6,20,2022-6,0
yoga au lever du soleil,2022-06-21,2022-06-21,institut français de yoga provence alpes côte d'azur,plage du ponteil,2022,6,21,2022,6,21,2022-6,0
2ème edition tournoi tennis ballon,2022-06-22,2022-06-22,jeunesse sportive de juan-les-pins,stade gilbert auvergne,2022,6,22,2022,6,22,2022-6,0
sport- co challenge- football,2022-06-23,2022-06-25,riviera tag rugby,stade du fort carré,2022,6,23,2022,6,25,2022-6,2
journée olympique,2022-06-24,2022-06-24,cdos 06,stade du fort carré,2022,6,24,2022,6,24,2022-6,0
nocturne n°2 de pétanque,2022-06-24,2022-06-24,asf boules,clos borriglion,2022,6,24,2022,6,24,2022-6,0
tournoi,2022-06-25,2022-06-26,football club d'antibes,stade du fort carré,2022,6,25,2022,6,26,2022-6,1
tournoi,2022-06-25,2022-06-26,oajlp volley-ball,stade du fort carré,2022,6,25,2022,6,26,2022-6,1
sport- co challenge- basket-ball,2022-06-30,2022-06-30,riviera tag rugby,salle foch,2022,6,30,2022,6,30,2022-6,0
nocturne n°3 de pétanque,2022-07-01,2022-07-01,asf boules,clos borriglion,2022,7,1,2022,7,1,2022-7,0
festival capoeira côte d'azur,2022-07-02,2022-07-02,arte brasil,stade foch,2022,7,2,2022,7,2,2022-7,0
selectif championnat fédéral nocturne,2022-07-02,2022-07-02,compagnie d'arc d'antibes,stand de tir des 3 moulins,2022,7,2,2022,7,2,2022-7,0
souvenir pierre angelini,2022-07-02,2022-07-02,les petanquiers du port d'antibes,stade du fort carré,2022,7,2,2022,7,2,2022-7,0
summer pop art skate,2022-07-02,2022-07-02,azur skate board,pré des pêcheurs,2022,7,2,2022,7,2,2022-7,0
pétanque la fontonne,2022-07-02,2022-07-02,association des commercants,place jean aude la fontonne,2022,7,2,2022,7,2,2022-7,0
souvenir michel debord,2022-07-03,2022-07-03,les petanquiers du port d'antibes,stade du fort carré,2022,7,3,2022,7,3,2022-7,0
coupe de france de beach volley,2022-07-03,2022-07-03,oajlp volley-ball,terrains de beach du fort carré,2022,7,3,2022,7,3,2022-7,0
prix des commerçants,2022-07-04,2022-07-04,les petanquiers du port d'antibes,stade du fort carré,2022,7,4,2022,7,4,2022-7,0
summer pop art biodanza,2022-07-05,2022-07-05,association bel hêtre,base nautique du ponteil,2022,7,5,2022,7,5,2022-7,0
summer pop art aquagym,2022-07-06,2022-07-06,cercle des nageurs d'antibes,ponteil,2022,7,6,2022,7,6,2022-7,0
summer pop art longe côte,2022-07-07,2022-07-07,wild move,plage de la salis,2022,7,7,2022,7,7,2022-7,0
summer pop art danse,2022-07-08,2022-07-08,studio danse 06,pré des pêcheurs,2022,7,8,2022,7,8,2022-7,0
nocturne n°4 de pétanque,2022-07-08,2022-07-08,asf boules,clos borriglion,2022,7,8,2022,7,8,2022-7,0
summer pop art ski nautique,2022-07-09,2022-07-09,belles rives ski nautique club,ponton du belles rives,2022,7,9,2022,7,9,2022-7,0
jeux de sophia - tir à l'arc,2022-07-09,2022-07-09,sophia club entreprises,stand de tir des 3 moulins,2022,7,9,2022,7,9,2022-7,0
summer pop art marche active,2022-07-11,2022-07-11,direction des sports de la ville d'antibes,place nationale,2022,7,11,2022,7,11,2022-7,0
summer pop art aquagym,2022-07-11,2022-07-11,direction des sports de la ville d'antibes,stade nautique d'antibes,2022,7,11,2022,7,11,2022-7,0
summer pop art stretching,2022-07-11,2022-07-11,direction des sports de la ville d'antibes,stade nautique d'antibes,2022,7,11,2022,7,11,2022-7,0
summer pop art biodanza,2022-07-12,2022-07-12,association bel hêtre,base nautique du ponteil,2022,7,12,2022,7,12,2022-7,0
summer pop art aquagym,2022-07-13,2022-07-13,cercle des nageurs d'antibes,ponteil,2022,7,13,2022,7,13,2022-7,0
summer pop art pilates,2022-07-13,2022-07-13,direction des sports de la ville d'antibes,stade nautique d'antibes,2022,7,13,2022,7,13,2022-7,0
summer pop art danse,2022-07-15,2022-07-15,studio danse 06,pré des pêcheurs,2022,7,15,2022,7,15,2022-7,0
nocturne n°5 de pétanque,2022-07-15,2022-07-15,asf boules,clos borriglion,2022,7,15,2022,7,15,2022-7,0
summer pop art tir à l'arc,2022-07-18,2022-07-18,direction des sports de la ville d'antibes,stade des semboules,2022,7,18,2022,7,18,2022-7,0
summer pop art stretching,2022-07-18,2022-07-18,direction des sports de la ville d'antibes,stade nautique d'antibes,2022,7,18,2022,7,18,2022-7,0
summer pop art biodanza,2022-07-19,2022-07-19,association bel hêtre,base nautique du ponteil,2022,7,19,2022,7,19,2022-7,0
summer pop art aquagym,2022-07-20,2022-07-20,direction des sports de la ville d'antibes,stade nautique d'antibes,2022,7,20,2022,7,20,2022-7,0
summer pop art circuit training,2022-07-20,2022-07-20,direction des sports de la ville d'antibes,stade nautique d'antibes,2022,7,20,2022,7,20,2022-7,0
summer pop art aquagym,2022-07-20,2022-07-20,cercle des nageurs d'antibes,ponteil,2022,7,20,2022,7,20,2022-7,0
summer pop art badminton,2022-07-22,2022-07-22,badminton club d'antibes,pré des pêcheurs,2022,7,22,2022,7,22,2022-7,0
nocturne n°6 de pétanque,2022-07-22,2022-07-22,asf boules,clos borriglion,2022,7,22,2022,7,22,2022-7,0
summer pop art ski nautique,2022-07-23,2022-07-23,belles rives ski nautique club,ponton du belles rives,2022,7,23,2022,7,23,2022-7,0
baptêmes de plongées,2022-07-24,2022-07-24,handisub 06,plage de la salis,2022,7,24,2022,7,24,2022-7,0
summer pop art longe côte,2022-07-25,2022-07-25,wild move,plage de la salis,2022,7,25,2022,7,25,2022-7,0
summer pop art stretching,2022-07-25,2022-07-25,direction des sports de la ville d'antibes,stade nautique d'antibes,2022,7,25,2022,7,25,2022-7,0
summer pop art biodanza,2022-07-26,2022-07-26,association bel hêtre,base nautique du ponteil,2022,7,26,2022,7,26,2022-7,0
summer pop art abdos fessiers,2022-07-27,2022-07-27,direction des sports de la ville d'antibes,stade nautique d'antibes,2022,7,27,2022,7,27,2022-7,0
summer pop art aquagym,2022-07-27,2022-07-27,cercle des nageurs d'antibes,ponteil,2022,7,27,2022,7,27,2022-7,0
summer pop art marche active,2022-07-27,2022-07-27,direction des sports de la ville d'antibes,place nationale,2022,7,27,2022,7,27,2022-7,0
nocturne n°7 de pétanque,2022-07-29,2022-07-29,asf boules,clos borriglion,2022,7,29,2022,7,29,2022-7,0
summer pop art danse,2022-07-29,2022-07-29,studio danse 06,pré des pêcheurs,2022,7,29,2022,7,29,2022-7,0
mondial footvolley,2022-07-30,2022-07-31,association footvolley antibes,pinède gould,2022,7,30,2022,7,31,2022-7,1
summer pop art tir à l'arc,2022-08-01,2022-08-01,direction des sports de la ville d'antibes,stade des semboules,2022,8,1,2022,8,1,2022-8,0
summer pop art stretching,2022-08-01,2022-08-01,direction des sports de la ville d'antibes,stade nautique d'antibes,2022,8,1,2022,8,1,2022-8,0
summer pop art biodanza,2022-08-02,2022-08-02,association bel hêtre,base nautique du ponteil,2022,8,2,2022,8,2,2022-8,0
summer pop art aquagym,2022-08-03,2022-08-03,cercle des nageurs d'antibes,ponteil,2022,8,3,2022,8,3,2022-8,0
summer pop art fitness run,2022-08-03,2022-08-03,direction des sports de la ville d'antibes,base nautique du ponteil,2022,8,3,2022,8,3,2022-8,0
summer pop art salsa batchata,2022-08-05,2022-08-05,somos latinos,place mariejol,2022,8,5,2022,8,5,2022-8,0
nocturne n°8 de pétanque,2022-08-05,2022-08-05,asf boules,clos borriglion,2022,8,5,2022,8,5,2022-8,0
summer pop art roller,2022-08-06,2022-08-07,roller skate club d'antibes,pré des pêcheurs,2022,8,6,2022,8,7,2022-8,1
summer pop art aquagym,2022-08-08,2022-08-08,direction des sports de la ville d'antibes,stade nautique d'antibes,2022,8,8,2022,8,8,2022-8,0
summer pop art biodanza,2022-08-09,2022-08-09,association bel hêtre,base nautique du ponteil,2022,8,9,2022,8,9,2022-8,0
summer pop art abdos fessiers,2022-08-10,2022-08-10,direction des sports de la ville d'antibes,base nautique du ponteil,2022,8,10,2022,8,10,2022-8,0
summer pop art aquagym,2022-08-10,2022-08-10,cercle des nageurs d'antibes,ponteil,2022,8,10,2022,8,10,2022-8,0
nocturne n°9 de pétanque,2022-08-12,2022-08-12,asf boules,clos borriglion,2022,8,12,2022,8,12,2022-8,0
summer pop art salsa batchata,2022-08-12,2022-08-12,somos latinos,place mariejol,2022,8,12,2022,8,12,2022-8,0
baptêmes de plongées,2022-08-14,2022-08-14,handisub 06,plage de la salis,2022,8,14,2022,8,14,2022-8,0
summer pop art circuit training,2022-08-16,2022-08-16,direction des sports de la ville d'antibes,stade nautique d'antibes,2022,8,16,2022,8,16,2022-8,0
summer pop art biodanza,2022-08-16,2022-08-16,association bel hêtre,base nautique du ponteil,2022,8,16,2022,8,16,2022-8,0
summer pop art renfo muscu,2022-08-17,2022-08-17,direction des sports de la ville d'antibes,stade nautique d'antibes,2022,8,17,2022,8,17,2022-8,0
summer pop art aquagym,2022-08-17,2022-08-17,cercle des nageurs d'antibes,ponteil,2022,8,17,2022,8,17,2022-8,0
summer pop art salsa batchata,2022-08-19,2022-08-19,somos latinos,place mariejol,2022,8,19,2022,8,19,2022-8,0
nocturne n°10 de pétanque,2022-08-19,2022-08-19,asf boules,clos borriglion,2022,8,19,2022,8,19,2022-8,0
summer pop art danse,2022-08-19,2022-08-19,studio danse 06,pré des pêcheurs,2022,8,19,2022,8,19,2022-8,0
summer pop art aquagym,2022-08-22,2022-08-22,direction des sports de la ville d'antibes,stade nautique d'antibes,2022,8,22,2022,8,22,2022-8,0
challenge marc grilli,2022-08-22,2022-08-22,belles rives ski nautique club,ponton du belles rives,2022,8,22,2022,8,22,2022-8,0
summer pop art biodanza,2022-08-23,2022-08-23,association bel hêtre,base nautique du ponteil,2022,8,23,2022,8,23,2022-8,0
summer pop art marche active,2022-08-24,2022-08-24,direction des sports de la ville d'antibes,place nationale,2022,8,24,2022,8,24,2022-8,0
summer pop art aquagym,2022-08-24,2022-08-24,cercle des nageurs d'antibes,ponteil,2022,8,24,2022,8,24,2022-8,0
baptêmes de plongées,2022-08-24,2022-08-24,handisub 06,plage de la salis,2022,8,24,2022,8,24,2022-8,0
summer pop art danse,2022-08-26,2022-08-26,studio danse 06,pré des pêcheurs,2022,8,26,2022,8,26,2022-8,0
summer pop art badminton,2022-08-26,2022-08-26,badminton club d'antibes,pré des pêcheurs,2022,8,26,2022,8,26,2022-8,0
summer pop art salsa batchata,2022-08-26,2022-08-26,somos latinos,place mariejol,2022,8,26,2022,8,26,2022-8,0
nocturne n°11 de pétanque,2022-08-26,2022-08-26,asf boules,clos borriglion,2022,8,26,2022,8,26,2022-8,0
traversée cors'ar,2022-08-26,2022-09-06,arch-event,mer antibes calvi antibes,2022,8,26,2022,9,6,2022-8,11
grand prix des verriers,2022-08-27,2022-08-27,velo sprint biotois,biot,2022,8,27,2022,8,27,2022-8,0
summer pop art skate,2022-08-28,2022-08-28,azur skate board,pré des pêcheurs,2022,8,28,2022,8,28,2022-8,0
tournoi jeunes,2022-08-28,2022-08-28,tennis club d'antibes,tennis jules grec,2022,8,28,2022,8,28,2022-8,0
nocturne n°12 de pétanque,2022-09-02,2022-09-02,asf boules,clos borriglion,2022,9,2,2022,9,2,2022-9,0
souvenir maéva podair,2022-09-03,2022-09-03,les amis de la pinède,pinède gould,2022,9,3,2022,9,3,2022-9,0
fête de la jeunesse et des sports,2022-09-04,2022-09-04,direction des sports de la ville d'antibes,stade du fort carré,2022,9,4,2022,9,4,2022-9,0
régate vrc rg 65,2022-09-04,2022-09-04,société des régates d'antibes,base nautique du ponteil,2022,9,4,2022,9,4,2022-9,0
tournoi itf de tennis,2022-09-04,2022-09-10,tennis club d'antibes,tennis jules grec,2022,9,4,2022,9,10,2022-9,6
tournoi de pré-saison u12-u13,2022-09-10,2022-09-10,as fontonne football,stade docteur léger,2022,9,10,2022,9,10,2022-9,0
concours de pétanque,2022-09-11,2022-09-11,les amis de la pinède,petite pinède,2022,9,11,2022,9,11,2022-9,0
"challenge ""les rod's d'antibes""",2022-09-11,2022-09-11,sport santé,base nautique du ponteil,2022,9,11,2022,9,11,2022-9,0
tournoi de pré-saison u10 et u11,2022-09-17,2022-09-17,as fontonne football,stade docteur léger,2022,9,17,2022,9,17,2022-9,0
riviera tag rugby festival 2022,2022-09-17,2022-09-17,riviera tag rugby,stade gilbert auvergne,2022,9,17,2022,9,17,2022-9,0
tournoi international de hockey,2022-09-17,2022-09-18,asf hockey sur gazon,terrains de la fontonne,2022,9,17,2022,9,18,2022-9,1
nat voiliers radio-commandés,2022-09-23,2022-09-25,société des régates d'antibes,base nautique du ponteil,2022,9,23,2022,9,25,2022-9,2
tournoi beach rugby,2022-09-24,2022-09-24,esprit passion ovale skéma business school,plage du pont du lys,2022,9,24,2022,9,24,2022-9,0
1ère manche du championnat de france de footvolley,2022-09-24,2022-09-25,association footvolley antibes,terrains de beach du fort carré,2022,9,24,2022,9,25,2022-9,1
urban trail de la casa 20 ans,2022-09-25,2022-09-25,casa,azurarena antibes,2022,9,25,2022,9,25,2022-9,0
souvenir michel rolando,2022-09-27,2022-09-27,les amis de la pinède,petite pinède,2022,9,27,2022,9,27,2022-9,0
compétition tennis de table,2022-10-08,2022-10-09,oajlp tennis de table,azurarena antibes,2022,10,8,2022,10,9,2022-10,1
2ème journée du championnat de pro b 2022-2023,2022-10-14,2022-10-14,sharks d'antibes,azurarena antibes,2022,10,14,2022,10,14,2022-10,0
tournoi de pétanque,2022-10-15,2022-10-15,asf boules,clos borriglion,2022,10,15,2022,10,15,2022-10,0
43ème edition de courir pour une fleur,2022-10-15,2022-10-16,direction des sports de la ville d'antibes,stade du fort carré,2022,10,15,2022,10,16,2022-10,1
assa bloc 2022,2022-10-16,2022-10-16,assa escalade,salle paul charpin,2022,10,16,2022,10,16,2022-10,0
cross du cœur,2022-10-20,2022-10-20,collège sidney bechet,parc exflora,2022,10,20,2022,10,20,2022-10,0
triathlon des roses,2022-10-23,2022-10-23,antibes triathlon,base nautique du ponteil,2022,10,23,2022,10,23,2022-10,0
tournoi open jacques grima,2022-10-26,2022-11-26,tennis club d'antibes,tennis jules grec,2022,10,26,2022,11,26,2022-10,31
marathon nice - cannes,2022-10-30,2022-10-30,azur sport organisation,antibes,2022,10,30,2022,10,30,2022-10,0
6ème cyclo-cross des semboules,2022-10-30,2022-10-30,olympique cyclo club d'antibes,stade des semboules,2022,10,30,2022,10,30,2022-10,0
journée bouliste,2022-11-01,2022-11-01,asf boules et ab des eucalyptus,clos borriglion,2022,11,1,2022,11,1,2022-11,0
4ème journée du championnat de pro b 2022-2023,2022-11-04,2022-11-04,sharks d'antibes,azurarena antibes,2022,11,4,2022,11,4,2022-11,0
tournoi de pétanque,2022-11-05,2022-11-05,asf boules,clos borriglion,2022,11,5,2022,11,5,2022-11,0
compétition tennis de table,2022-11-05,2022-11-06,oajlp tennis de table,azurarena antibes,2022,11,5,2022,11,6,2022-11,1
cross du poilu,2022-11-10,2022-11-10,direction des sports de la ville d'antibes,stade du fort carré,2022,11,10,2022,11,10,2022-11,0
challenge belmas,2022-11-11,2022-11-12,rugby club sophia antipolis,stade gilbert auvergne,2022,11,11,2022,11,12,2022-11,1
rassemblement emile allo,2022-11-13,2022-11-13,olympique cyclo club d'antibes,square albert 1er,2022,11,13,2022,11,13,2022-11,0
cross du fort carré,2022-11-19,2022-11-19,eraa,stade du fort carré,2022,11,19,2022,11,19,2022-11,0
30ème trophée hoang nam,2022-11-19,2022-11-20,ecole hoang nam,salle aaa,2022,11,19,2022,11,20,2022-11,1
6ème journée du championnat de pro b 2022-2023,2022-11-25,2022-11-25,sharks d'antibes,azurarena antibes,2022,11,25,2022,11,25,2022-11,0
8ème journée du championnat de pro b 2022-2023,2022-12-02,2022-12-02,sharks d'antibes,azurarena antibes,2022,12,2,2022,12,2,2022-12,0
régate vrc rg 65,2022-12-04,2022-12-04,société des régates d'antibes,base nautique du ponteil,2022,12,4,2022,12,4,2022-12,0
compétition tennis de table,2022-12-10,2022-12-11,oajlp tennis de table,azurarena antibes,2022,12,10,2022,12,11,2022-12,1
triathlon de la st sylvestre,2022-12-11,2022-12-11,antibes triathlon,pinède gould,2022,12,11,2022,12,11,2022-12,0
challenge lesage,2022-12-11,2022-12-11,compagnie d'arc d'antibes,stand de tir des 3 moulins,2022,12,11,2022,12,11,2022-12,0
tournoi orange 7/10 ans,2022-12-11,2022-12-11,tennis club d'antibes,tennis jules grec,2022,12,11,2022,12,11,2022-12,0
tournoi orange 7/10 ans,2022-12-18,2022-12-18,tennis club d'antibes,tennis jules grec,2022,12,18,2022,12,18,2022-12,0
11ème journée du championnat de pro b 2022-2023,2022-12-20,2022-12-20,sharks d'antibes,azurarena antibes,2022,12,20,2022,12,20,2022-12,0
12ème journée du championnat de pro b 2022-2023,2022-12-23,2022-12-23,sharks d'antibes,azurarena antibes,2022,12,23,2022,12,23,2022-12,0
bain du jour de l'an,2023-01-01,2023-01-01,day one,plage de la salis,2023,1,1,2023,1,1,2023-1,0
régate de ligue 420,2023-01-07,2023-01-08,sra,base nautique du ponteil,2023,1,7,2023,1,8,2023-1,1
championnat départemental de gym,2023-01-14,2023-01-14,oajlp gymnastique,salle pierre brochard,2023,1,14,2023,1,14,2023-1,0
championnat par équipes d'échec départ et national,2023-01-15,2023-01-15,le séchiquiers antibois,base nautique du ponteil,2023,1,15,2023,1,15,2023-1,0
journée des pmm,2023-01-21,2023-01-21,direction des sports de la ville d'antibes,stade du fort carré,2023,1,21,2023,1,21,2023-1,0
remise des prix,2023-01-21,2023-01-21,appa,club port vauban,2023,1,21,2023,1,21,2023-1,0
le calvaire trail longe côte,2023-01-29,2023-01-29,wild move,plage de la salis,2023,1,29,2023,1,29,2023-1,0
souvenir albert triton,2023-01-29,2023-01-29,antibes vélo passion,parking du ponteil,2023,1,29,2023,1,29,2023-1,0
championnat départemental par équipe de gym,2023-02-04,2023-02-04,oajlp gymnastique,salle pierre brochard,2023,2,4,2023,2,4,2023-2,0
reception presentation club,2023-02-08,2023-02-08,société des régates d'antibes,base nautique du ponteil,2023,2,8,2023,2,8,2023-2,0
concours de boules,2023-02-12,2023-02-12,asf boules,clos borriglion,2023,2,12,2023,2,12,2023-2,0
2ème etape tour des am et var,2023-02-18,2023-02-18,nice matin,azurarena antibes,2023,2,18,2023,2,18,2023-2,0
concours de boules,2023-02-18,2023-02-18,asf boules,clos borriglion,2023,2,18,2023,2,18,2023-2,0
top 12 de gym,2023-02-25,2023-02-25,oajlp gymnastique,salle pierre brochard,2023,2,25,2023,2,25,2023-2,0
souvenir josé garido,2023-02-25,2023-02-25,les amis de la pinède,petite et grande pinède,2023,2,25,2023,2,25,2023-2,0
rassemblement cycliste,2023-02-26,2023-02-26,vélo club antibois,parvis de la chapelle de la garoupe,2023,2,26,2023,2,26,2023-2,0
prepa fra handball fauteuil euro,2023-03-04,2023-03-04,handisport antibes méditerranée,salle saint claude,2023,3,4,2023,3,4,2023-3,0
souvenir maeva podair,2023-03-04,2023-03-04,les amis de la pinède,clos de la pinède,2023,3,4,2023,3,4,2023-3,0
hand ensemble,2023-03-09,2023-03-09,oajlp handball,salle saint claude,2023,3,9,2023,3,9,2023-3,0
tournoi que du bad,2023-03-11,2023-03-12,badminton club d'antibes,gymnase de la fontonne,2023,3,11,2023,3,12,2023-3,1
25 ème grand prix de la ville d'antibes,2023-03-12,2023-03-12,judo club d'antibes,salle aaa,2023,3,12,2023,3,12,2023-3,0
championnat par équipes d'échec départ et national,2023-03-12,2023-03-12,le séchiquiers antibois,base nautique du ponteil,2023,3,12,2023,3,12,2023-3,0
regate ligue optimists,2023-03-12,2023-03-12,sra,base nautique du ponteil,2023,3,12,2023,3,12,2023-3,0
challenge chardonneau,2023-03-18,2023-03-18,école d'escrime d'antibes,salle saint claude,2023,3,18,2023,3,18,2023-3,0
nuit du hand,2023-03-18,2023-03-18,oajlp handball,salle saint claude,2023,3,18,2023,3,18,2023-3,0
championnats de france de tennis de table,2023-03-24,2023-03-26,oajlp tennis de table,salle aaa,2023,3,24,2023,3,26,2023-3,2
tournoi de basket 3x3,2023-03-24,2023-03-26,sharks d'antibes,stade du fort carré,2023,3,24,2023,3,26,2023-3,2
regate optimiste 420,2023-03-25,2023-03-26,sra,port gallice,2023,3,25,2023,3,26,2023-3,1
7ème calvaire antibois,2023-03-26,2023-03-26,asoa section run & tri,base nautique du ponteil,2023,3,26,2023,3,26,2023-3,0
concours en mer de chien de sauvetage,2023-04-01,2023-04-02,assoc terre neuve 06,plage de la salis,2023,4,1,2023,4,2,2023-4,1
tournoi open senior,2023-04-08,2023-04-21,tennis club d'antibes,tennis jules grec,2023,4,8,2023,4,21,2023-4,13
challenge alain cinquin,2023-04-08,2023-04-10,asf antibes hockey,stade docteur léger,2023,4,8,2023,4,10,2023-4,2
champ de france voiture radio co,2023-04-08,2023-04-09,mini racing club antibes,super antibes,2023,4,8,2023,4,9,2023-4,1
concours d'agility,2023-04-15,2023-04-16,amicale du chien de travail d'antibes,zi des 3 moulins,2023,4,15,2023,4,16,2023-4,1
démonstration trampoline,2023-04-23,2023-04-23,oajlp trampoline - gym acro,place des martyrs de la résistance,2023,4,23,2023,4,23,2023-4,0
demi-national regate lasers,2023-04-29,2023-05-01,sra,base nautique du ponteil,2023,4,29,2023,5,1,2023-4,2
tournoi de football,2023-04-29,2023-05-01,jeunesse sportive de juan-les-pins,stade gilbert auvergne,2023,4,29,2023,5,1,2023-4,2
challenge regional de tir,2023-05-01,2023-05-01,tir sportif d'antibes,stand de tir des 3 moulins,2023,5,1,2023,5,1,2023-5,0
tour amateur de la casa,2023-05-05,2023-05-05,velo sprint biotois,rd 6098,2023,5,5,2023,5,5,2023-5,0
departementaux 25/50m de tir,2023-05-06,2023-05-07,tir sportif d'antibes,stand de tir des 3 moulins,2023,5,6,2023,5,7,2023-5,1
tournoi inter membres,2023-05-06,2023-06-25,tennis club d'antibes,tennis jules grec,2023,5,6,2023,6,25,2023-5,50
tournoi u13 espoirs,2023-05-07,2023-05-08,club des jeunes,stade du super antibes,2023,5,7,2023,5,8,2023-5,1
triathlon des jeunes d'athlétisme,2023-05-13,2023-05-13,eraa,stade du fort carré,2023,5,13,2023,5,13,2023-5,0
nuit du hand,2023-05-13,2023-05-13,oajlp handball,salle saint claude,2023,5,13,2023,5,13,2023-5,0
autour de la trottinette,2023-05-13,2023-05-13,association des commercants,place jean aude,2023,5,13,2023,5,13,2023-5,0
regate vrc,2023-05-14,2023-05-14,sra,base nautique du ponteil,2023,5,14,2023,5,14,2023-5,0
tournoi feminin u11 à u15,2023-05-18,2023-05-20,as fontonne football,stade docteur léger,2023,5,18,2023,5,20,2023-5,2
tournoi reduit u6 à u9,2023-05-18,2023-05-20,as fontonne football,stade docteur léger,2023,5,18,2023,5,20,2023-5,2
58ème rallye d'antibes,2023-05-18,2023-05-21,antibesrallye association,pré des pêcheurs,2023,5,18,2023,5,21,2023-5,3
60 ème challenge denape,2023-05-20,2023-05-21,compagnie d'arc d'antibes,zi des 3 moulins,2023,5,20,2023,5,21,2023-5,1
unss raid antibes,2023-05-24,2023-05-24,unss nice,plage du ponteil,2023,5,24,2023,5,24,2023-5,0
jeux de sophia,2023-05-24,2023-06-22,sophia club entreprises,stand de tir des 3 moulins,2023,5,24,2023,6,22,2023-5,29
handensemble plage,2023-05-25,2023-05-25,oajlp handball,plage antibes,2023,5,25,2023,5,25,2023-5,0
la boule chantante,2023-05-27,2023-05-27,les amis de la pinède,petite pinède,2023,5,27,2023,5,27,2023-5,0
14ème edition handiboise,2023-05-27,2023-05-27,sra,mer antibes,2023,5,27,2023,5,27,2023-5,0
tournoi international jeunes,2023-05-27,2023-05-29,as fontonne football,stade docteur léger,2023,5,27,2023,5,29,2023-5,2
edf aqua challenge,2023-05-28,2023-05-28,c.n.a,antibes salis et tour du cap,2023,5,28,2023,5,28,2023-5,0
tournoi daniel charles et casa,2023-06-03,2023-06-04,oajlp basket,stade foch,2023,6,3,2023,6,4,2023-6,1
l'eau pour rayonner,2023-06-04,2023-06-05,autisme,stade nautique d'antibes,2023,6,4,2023,6,5,2023-6,1
champ cycliste sur route,2023-06-04,2023-06-04,occa,antibes,2023,6,4,2023,6,4,2023-6,0
tournoi régional jeunes,2023-06-11,2023-06-11,compagnie d'arc d'antibes,zi des 3 moulins,2023,6,11,2023,6,11,2023-6,0
tournée handi voile 06,2023-06-16,2023-06-16,département des alpes-maritimes,base nautique du ponteil,2023,6,16,2023,6,16,2023-6,0
tournée handi sub 06,2023-06-16,2023-06-16,comité dep d'étude et sport sous-marin,plage de la salis,2023,6,16,2023,6,16,2023-6,0
tournoi nicolas cagnasso,2023-06-17,2023-06-17,amadeus,stade gilbert auvergne,2023,6,17,2023,6,17,2023-6,0
challenge de noé,2023-06-18,2023-06-18,tir sportif d'antibes,stand de tir des 3 moulins,2023,6,18,2023,6,18,2023-6,0
yoga au lever du soleil,2023-06-21,2023-06-21,ifypaca,plage du ponteil,2023,6,21,2023,6,21,2023-6,0
nocturne été n°3,2023-06-21,2023-06-21,as fontonne boule,clos borriglion,2023,6,21,2023,6,21,2023-6,0
liaison cm2- 6ème fersen,2023-06-22,2023-06-22,collège fersen,stade foch,2023,6,22,2023,6,22,2023-6,0
champ france des maitres,2023-06-22,2023-06-25,c.n.a,stade nautique d'antibes,2023,6,22,2023,6,25,2023-6,3
défis olympiques,2023-06-23,2023-06-23,direction des sports de la ville d'antibes,stade du fort carré,2023,6,23,2023,6,23,2023-6,0
tournoi international u15,2023-06-23,2023-06-25,oajlp basket,stade foch,2023,6,23,2023,6,25,2023-6,2
tournoi+assemblée générale,2023-06-24,2023-06-25,oajlp volley-ball,stade du fort carré,2023,6,24,2023,6,25,2023-6,1
national tennis cup fft,2023-06-24,2023-07-02,asso tennis,tennis paul charpin,2023,6,24,2023,7,2,2023-6,8
fitdays mgen triathlon,2023-06-24,2023-06-25,mgen,stade du fort carré,2023,6,24,2023,6,25,2023-6,1
idef course à pied,2023-06-26,2023-06-26,comexposium,juan-les-pins,2023,6,26,2023,6,26,2023-6,0
tournoi internation d'antibes,2023-06-27,2023-07-02,badminton club d'antibes,salle saint claude,2023,6,27,2023,7,2,2023-6,5
les olympiades antiboises,2023-06-28,2023-06-28,direction jeunesse,stade du fort carré,2023,6,28,2023,6,28,2023-6,0
souvenir pierre angelini,2023-07-01,2023-07-01,les petanquiers du port d'antibes,stade du fort carré,2023,7,1,2023,7,1,2023-7,0
festival capoeira cote d'azur,2023-07-01,2023-07-01,arte brasil,stade foch,2023,7,1,2023,7,1,2023-7,0
fête du basket,2023-07-01,2023-07-01,sharks d'antibes,pré des pêcheurs,2023,7,1,2023,7,1,2023-7,0
souvenir michel debord,2023-07-02,2023-07-02,les petanquiers du port d'antibes,stade du fort carré,2023,7,2,2023,7,2,2023-7,0
reception des sportifs,2023-07-03,2023-07-03,direction des sports de la ville d'antibes,stade nautique d'antibes,2023,7,3,2023,7,3,2023-7,0
nocturne été n°1,2023-07-07,2023-07-07,as fontonne boule,clos borriglion,2023,7,7,2023,7,7,2023-7,0
4ème festival summer pop arts,2023-07-10,2023-08-27,direction des sports de la ville d'antibes,antibes,2023,7,10,2023,8,27,2023-7,48
nocturne été n°2,2023-07-14,2023-07-14,as fontonne boule,clos borriglion,2023,7,14,2023,7,14,2023-7,0
nocturne été n°4,2023-07-28,2023-07-28,as fontonne boule,clos borriglion,2023,7,28,2023,7,28,2023-7,0
mondial de footvoley,2023-07-28,2023-07-30,mondial footvolley,pinède gould,2023,7,28,2023,7,30,2023-7,2
nocturne été n°5,2023-08-04,2023-08-04,as fontonne boule,clos borriglion,2023,8,4,2023,8,4,2023-8,0
souvenir ahmed laribi,2023-08-05,2023-08-05,les petanquiers du port d'antibes,stade du fort carré,2023,8,5,2023,8,5,2023-8,0
souvenir denis del zoppo,2023-08-06,2023-08-06,les petanquiers du port d'antibes,stade du fort carré,2023,8,6,2023,8,6,2023-8,0
challenge marc grilli,2023-08-07,2023-08-07,belles rives ski nautique club,belles rives ski nautique,2023,8,7,2023,8,7,2023-8,0
nocturne été n°6,2023-08-11,2023-08-11,as fontonne boule,clos borriglion,2023,8,11,2023,8,11,2023-8,0
nocturne été n°7,2023-08-18,2023-08-18,as fontonne boule,clos borriglion,2023,8,18,2023,8,18,2023-8,0
tournoi+repas,2023-08-19,2023-08-19,as fontonne boule,clos borriglion,2023,8,19,2023,8,19,2023-8,0
initiation plongée handi,2023-08-20,2023-08-24,comité dep d'étude et sport sous-marin,plage de la salis,2023,8,20,2023,8,24,2023-8,4
open de france junior ligue de basket 3x3,2023-08-23,2023-08-27,ffbb,pré des pêcheurs,2023,8,23,2023,8,27,2023-8,4
nocturne été n°8,2023-08-25,2023-08-25,as fontonne boule,clos borriglion,2023,8,25,2023,8,25,2023-8,0
nocturne été n°9,2023-09-01,2023-09-01,as fontonne boule,clos borriglion,2023,9,1,2023,9,1,2023-9,0
tournoi pre saison u10-u11,2023-09-02,2023-09-02,as fontonne football,stade docteur léger,2023,9,2,2023,9,2,2023-9,0
itf vétérans seniors,2023-09-03,2023-09-09,tca,tennis jules grec,2023,9,3,2023,9,9,2023-9,6
tournoi de rentrée,2023-09-09,2023-09-09,oajlp basket,stade foch,2023,9,9,2023,9,9,2023-9,0
tournoi pre saison u12-u13,2023-09-09,2023-09-09,as fontonne football,stade docteur léger,2023,9,9,2023,9,9,2023-9,0
tournoi des 20 ans,2023-09-09,2023-09-10,ziggles,stade gilbert auvergne,2023,9,9,2023,9,10,2023-9,1
fete de la jeunesse et des sports,2023-09-10,2023-09-10,ds/djl,stade du fort carré,2023,9,10,2023,9,10,2023-9,0
ti plage,2023-09-16,2023-09-16,bde-bds polytech nice sophia,plage du pont du lys,2023,9,16,2023,9,16,2023-9,0
journée du sport scolaire,2023-09-20,2023-09-20,unss,stade du fort carré,2023,9,20,2023,9,20,2023-9,0
concours de boules,2023-09-23,2023-09-23,asf boules,clos borriglion,2023,9,23,2023,9,23,2023-9,0
regate vrc rg65,2023-09-24,2023-09-24,sra,stade nautique d'antibes,2023,9,24,2023,9,24,2023-9,0
71ème gp de la ville d'antibes,2023-09-24,2023-09-24,occa,biot,2023,9,24,2023,9,24,2023-9,0
concours cnfpt police municipale,2023-09-28,2023-09-28,cnfpt,stade du fort carré,2023,9,28,2023,9,28,2023-9,0
regate handivoile,2023-09-28,2023-09-30,sra,stade nautique d'antibes,2023,9,28,2023,9,30,2023-9,2
gestes qui sauvent,2023-09-29,2023-09-29,département 06 / sdis,stade du fort carré,2023,9,29,2023,9,29,2023-9,0
run and dream pour kaylia - matteo,2023-10-01,2023-10-01,police national,bord de mer siesta - musée archéologique,2023,10,1,2023,10,1,2023-10,0
course octobre rose,2023-10-01,2023-10-01,ligue contre le cancer,rd 6098,2023,10,1,2023,10,1,2023-10,0
cross du collège bertone,2023-10-05,2023-10-05,college bertone,stade des semboules,2023,10,5,2023,10,5,2023-10,0
retransmission match rugby,2023-10-14,2023-10-15,rugby club d'antibes,stade gilbert auvergne,2023,10,14,2023,10,15,2023-10,1
courir pour fleur,2023-10-14,2023-10-15,direction des sports de la ville d'antibes,stade du fort carré,2023,10,14,2023,10,15,2023-10,1
concours de boules,2023-10-21,2023-10-21,asf boules,clos borriglion,2023,10,21,2023,10,21,2023-10,0
retransmission match rugby,2023-10-21,2023-10-22,rugby club d'antibes,stade gilbert auvergne,2023,10,21,2023,10,22,2023-10,1
tournoi jacques grima,2023-10-21,2023-11-04,tca,tennis jules grec,2023,10,21,2023,11,4,2023-10,14
triathlon des roses,2023-10-22,2023-10-22,antibes triathlon,salis / cap d'antibes,2023,10,22,2023,10,22,2023-10,0
tournoi feminin octobre rose,2023-10-28,2023-10-28,as fontonne football,stade docteur léger,2023,10,28,2023,10,28,2023-10,0
retransmission match rugby,2023-10-28,2023-10-28,rugby club d'antibes,stade gilbert auvergne,2023,10,28,2023,10,28,2023-10,0
7ème cyclo cross des semboules,2023-10-29,2023-10-29,occa,stade des semboules,2023,10,29,2023,10,29,2023-10,0
tournoi des petits as,2023-11-03,2023-11-18,tca,tennis jules grec,2023,11,3,2023,11,18,2023-11,15
tournoi padel fauteuil,2023-11-04,2023-11-04,tca,tennis jules grec,2023,11,4,2023,11,4,2023-11,0
marathon nice - cannes,2023-11-05,2023-11-05,azur sport organisation,antibes,2023,11,5,2023,11,5,2023-11,0
challenge belmas,2023-11-11,2023-11-12,rugby club d'antibes,stade gilbert auvergne,2023,11,11,2023,11,12,2023-11,1
souvenir allo,2023-11-12,2023-11-12,acca,square albert 1er,2023,11,12,2023,11,12,2023-11,0
cross du poilu,2023-11-15,2023-11-15,direction des sports de la ville d'antibes,stade du fort carré,2023,11,15,2023,11,15,2023-11,0
cross du fort carré,2023-11-18,2023-11-18,eraa,stade du fort carré,2023,11,18,2023,11,18,2023-11,0
nuit du hand,2023-11-18,2023-11-18,oajlp handball,salle saint claude,2023,11,18,2023,11,18,2023-11,0
matchs de champ tennis de table,2023-11-18,2023-11-19,oajlp tennis de table,stade foch,2023,11,18,2023,11,19,2023-11,1
regate championnat de ligue,2023-11-19,2023-11-19,sra,base nautique de la salis,2023,11,19,2023,11,19,2023-11,0
assa bloc,2023-11-19,2023-11-19,assa escalade,salle paul charpin,2023,11,19,2023,11,19,2023-11,0
matchs de champ tennis de table,2023-11-25,2023-11-26,oajlp tennis de table,stade foch,2023,11,25,2023,11,26,2023-11,1
regate voiliers radio com rg 65,2023-11-26,2023-11-26,sra,base nautique de la salis,2023,11,26,2023,11,26,2023-11,0
top 12 de gym qualifs,2023-12-02,2023-12-02,oajlp gymnastique,salle pierre brochard,2023,12,2,2023,12,2,2023-12,0
cross des 3ème du collège roustan,2023-12-08,2023-12-08,collège roustan,stade du fort carré,2023,12,8,2023,12,8,2023-12,0
challenge andré lesage,2023-12-09,2023-12-10,compagnie d'arc d'antibes,salle saint claude,2023,12,9,2023,12,10,2023-12,1
triathlon de la st sylvestre,2023-12-10,2023-12-10,antibes triathlon,pinède gould,2023,12,10,2023,12,10,2023-12,0
tournoi de padel p100,2023-12-17,2023-12-17,tennis club d'antibes,tennis jules grec,2023,12,17,2023,12,17,2023-12,0
tournoi tmc de tennis,2023-12-17,2023-12-19,tennis club d'antibes,tennis jules grec,2023,12,17,2023,12,19,2023-12,2
olympiades du collège fersen,2023-12-20,2023-12-20,collège fersen,stade foch,2023,12,20,2023,12,20,2023-12,0
